CANAL;NR_IDENTIFICACAO;CLASSIFICACAO_CANAL;TIPO_CONTEUDO_CANAL;OFERTA_CLIENTE;DATA_INICIO_OFERTA;DENSIDADE_CANAL;NOME_PROGRAMADORA;CNPJ_PROGRAMADORA;CLASSIFICAO_PROGRAMADORA;PAIS_PROGRAMADORA
A&E; 22398.30001 ;Canal de espaço qualificado;Canal de conteúdo em geral;CANAL OFERTADO EM PACOTE;01/06/1997;PADRÃO;A&E BRAZIL DISTRIBUTION, LLC;;Programadora Estrangeira;ESTADOS UNIDOS
A&E HD; 22398.30002 ;Canal de espaço qualificado;Canal de conteúdo em geral;CANAL OFERTADO EM PACOTE;01/12/2010;ALTA DEFINIÇÃO;A&E BRAZIL DISTRIBUTION, LLC;;Programadora Estrangeira;ESTADOS UNIDOS
AFESP TV; 35307.30001 ;Canal de programação comum;Canal de conteúdo em geral;CANAL OFERTADO EM PACOTE;01/01/2017;PADRÃO;ASSOCIAÇÃO DOS FUNCIONÁRIOS EMPREGADOS E SERVIDORES PÚBLICOS MUNICIPAIS DE PETRÓPOLIS;26.650.154/0001-12;;BRASIL
AGRO+; 3293.30011 ;Canal de programação comum;Canal de conteúdo jornalístico;CANAL OFERTADO EM PACOTE;22/06/2020;PADRÃO;NEWCO PROGRAMADORA E PRODUTORA DE COMUNICACAO LTDA.;04.334.366/0001-58;Programadora brasileira;BRASIL
AGRO+ HD; 3293.30012 ;Canal de programação comum;Canal de conteúdo jornalístico;CANAL OFERTADO EM PACOTE;22/06/2020;ALTA DEFINIÇÃO;NEWCO PROGRAMADORA E PRODUTORA DE COMUNICACAO LTDA.;04.334.366/0001-58;Programadora brasileira;BRASIL
AGROBRASIL TV O SEU CANAL; 6125.30001 ;Canal de programação comum;Canal de conteúdo em geral;CANAL OFERTADO EM PACOTE, CANAL À LA CARTE;26/12/2005;PADRÃO;AGROMIX TELEVISAO LTDA;07.760.498/0001-30;Programadora brasileira independente;BRASIL
ALPHA CHANNEL TV; 29487.30001 ;Canal de programação comum;Canal de conteúdo em geral;CANAL OFERTADO EM PACOTE;28/08/2014;ALTA DEFINIÇÃO;HAPPY SERVICOS E COMUNICACOES EIRELI;20.968.212/0001-74;Programadora brasileira independente nos termos do art.17, §5º da Lei 12.485/2011;BRASIL
AMC; 6211.30003 ;Canal de espaço qualificado;Canal de conteúdo em geral;CANAL OFERTADO EM PACOTE;01/07/1997;PADRÃO;AMC NETWORKS LATIN AMERICA LLC;06.147.448/0001-19;Programadora Estrangeira;ESTADOS UNIDOS
AMC; 6211.30003 ;Canal de espaço qualificado;Canal de conteúdo em geral;CANAL OFERTADO EM PACOTE;01/07/1997;PADRÃO;AMC NETWORKS LATIN AMERICA LLC;06.147.448/0001-19;Programadora Estrangeira;ESTADOS UNIDOS
AMC HD; 6211.30002 ;Canal de espaço qualificado;Canal de conteúdo em geral;CANAL OFERTADO EM PACOTE;30/04/2009;ALTA DEFINIÇÃO;AMC NETWORKS LATIN AMERICA LLC;06.147.448/0001-19;Programadora Estrangeira;ESTADOS UNIDOS
AMC HD; 6211.30002 ;Canal de espaço qualificado;Canal de conteúdo em geral;CANAL OFERTADO EM PACOTE;30/04/2009;ALTA DEFINIÇÃO;AMC NETWORKS LATIN AMERICA LLC;06.147.448/0001-19;Programadora Estrangeira;ESTADOS UNIDOS
ANIMAL PLANET; 26039.30001 ;Canal de espaço qualificado;Canal de conteúdo em geral;CANAL OFERTADO EM PACOTE;01/09/1999;PADRÃO;DISCOVERY NETWORKS, SL;;Programadora Estrangeira;ESPANHA
ANIMAL PLANET HD; 26039.30018 ;Canal de espaço qualificado;Canal de conteúdo em geral;CANAL OFERTADO EM PACOTE;01/12/2015;ALTA DEFINIÇÃO;DISCOVERY NETWORKS, SL;;Programadora Estrangeira;ESPANHA
ART LATINO; 14125.30002 ;Canal não adaptado ao mercado brasileiro;Canal de conteúdo em geral;CANAL OFERTADO EM PACOTE, CANAL À LA CARTE;01/07/1994;PADRÃO;ALL TV COMMUNICATIONS S.A.;;Programadora Estrangeira;URUGUAI
ARTE 1; 3293.30003 ;Canal brasileiro de espaço qualificado;Canal de conteúdo em geral;CANAL OFERTADO EM PACOTE;01/10/2012;PADRÃO;NEWCO PROGRAMADORA E PRODUTORA DE COMUNICACAO LTDA.;04.334.366/0001-58;Programadora brasileira;BRASIL
ARTE 1 HD; 3293.30004 ;Canal brasileiro de espaço qualificado;Canal de conteúdo em geral;CANAL OFERTADO EM PACOTE;01/03/2013;ALTA DEFINIÇÃO;NEWCO PROGRAMADORA E PRODUTORA DE COMUNICACAO LTDA.;04.334.366/0001-58;Programadora brasileira;BRASIL
AXN; 22335.30003 ;Canal de espaço qualificado;Canal de conteúdo em geral;CANAL OFERTADO EM PACOTE;01/08/1999;PADRÃO;SET BRAZIL, LLC;;Programadora Estrangeira;ESTADOS UNIDOS
AXN HD; 22335.30004 ;Canal de espaço qualificado;Canal de conteúdo em geral;CANAL OFERTADO EM PACOTE;01/08/1999;ALTA DEFINIÇÃO;SET BRAZIL, LLC;;Programadora Estrangeira;ESTADOS UNIDOS
BABY TV; 6276.30006 ;Canal de espaço qualificado;Canal de conteúdo infantil e adolescente;CANAL OFERTADO EM PACOTE;01/03/2008;PADRÃO;TFCF LATIN AMERICAN CHANNEL LLC;;Programadora Estrangeira;ESTADOS UNIDOS
BANDNEWS; 15742.30002 ;Canal de programação comum;Canal de conteúdo jornalístico;CANAL OFERTADO EM PACOTE;19/03/2001;PADRÃO;COMPANHIA RIO BONITO - COMUNICAÇÕES;06.017.510/0001-58;Programadora brasileira;BRASIL
BANDNEWS HD; 15742.30003 ;Canal de programação comum;Canal de conteúdo jornalístico;CANAL OFERTADO EM PACOTE;09/02/2017;ALTA DEFINIÇÃO;COMPANHIA RIO BONITO - COMUNICAÇÕES;06.017.510/0001-58;Programadora brasileira;BRASIL
BANDSPORTS; 3293.30002 ;Canal de programação comum;Canal de conteúdo esportivo;CANAL OFERTADO EM PACOTE;13/05/2002;PADRÃO;NEWCO PROGRAMADORA E PRODUTORA DE COMUNICACAO LTDA.;04.334.366/0001-58;Programadora brasileira;BRASIL
BANDSPORTS HD; 3293.30006 ;Canal de programação comum;Canal de conteúdo esportivo;CANAL OFERTADO EM PACOTE;19/03/2011;ALTA DEFINIÇÃO;NEWCO PROGRAMADORA E PRODUTORA DE COMUNICACAO LTDA.;04.334.366/0001-58;Programadora brasileira;BRASIL
BIS; 4727.30016 ;Canal brasileiro de espaço qualificado;Canal de conteúdo videomusical;CANAL OFERTADO EM PACOTE;01/01/2020;PADRÃO;GLOBO COMUNICACAO E PARTICIPACOES S/A;27.865.757/0001-02;Programadora brasileira independente;BRASIL
BIS (HD); 4727.30098 ;Canal brasileiro de espaço qualificado;Canal de conteúdo videomusical;CANAL OFERTADO EM PACOTE;01/01/2020;ALTA DEFINIÇÃO;GLOBO COMUNICACAO E PARTICIPACOES S/A;27.865.757/0001-02;Programadora brasileira independente;BRASIL
BLOOMBERG TELEVISION; 6227.30001 ;Canal de programação comum;Canal de conteúdo jornalístico;CANAL OFERTADO EM PACOTE;02/02/1997;PADRÃO;BLOOMBERG L.P.;;Programadora Estrangeira;ESTADOS UNIDOS
BLOOMBERG TELEVISION HD; 6227.30002 ;Canal de programação comum;Canal de conteúdo jornalístico;CANAL OFERTADO EM PACOTE;30/09/2016;ALTA DEFINIÇÃO;BLOOMBERG L.P.;;Programadora Estrangeira;ESTADOS UNIDOS
BM&C NEWS; 51705.30001 ;Canal de programação comum;Canal de conteúdo jornalístico;CANAL OFERTADO EM PACOTE;15/05/2023;ALTA DEFINIÇÃO;BM&C CONTEUDOS E TREINAMENTOS ON LINE S.A.;37.675.914/0001-62;Programadora brasileira independente nos termos do art.17, §5º da Lei 12.485/2011;BRASIL
BOX KIDS TV; 44401.30001 ;Canal de espaço qualificado;Canal de conteúdo infantil e adolescente;CANAL OFERTADO EM PACOTE;02/04/2022;PADRÃO;CONTAINER MEDIA ENTERTAINMENT CORP;;Programadora Estrangeira;ESTADOS UNIDOS
BOX KIDS TV HD; 44401.30002 ;Canal de espaço qualificado;Canal de conteúdo infantil e adolescente;CANAL OFERTADO EM PACOTE;02/04/2022;ALTA DEFINIÇÃO;CONTAINER MEDIA ENTERTAINMENT CORP;;Programadora Estrangeira;ESTADOS UNIDOS
CANAL BRASIL HD; 1500.30002 ;Canal brasileiro de espaço qualificado nos termos do art. 17, §4º da lei 12.485/2011;Canal de conteúdo em geral;CANAL OFERTADO EM PACOTE;27/10/2014;ALTA DEFINIÇÃO;CANAL BRAZIL S/A;02.608.224/0001-06;Programadora brasileira independente;BRASIL
CANAL DO CRIADOR SD; 4452.30002 ;Canal de programação comum;Canal de televenda ou infomercial;CANAL OFERTADO EM PACOTE;12/09/2020;PADRÃO;CANAL RURAL PRODUCOES LTDA;01.815.092/0001-20;Programadora brasileira independente nos termos do art.17, §5º da Lei 12.485/2011;BRASIL
CANAL FUTURA; 421.30001 ;Canal de programação comum;Canal de conteúdo em geral;CANAL OFERTADO EM PACOTE;22/09/1997;PADRÃO;FUNDACAO ROBERTO MARINHO;29.527.413/0001-00;Programadora brasileira independente;BRASIL
CANAL FUTURA HD; 421.30002 ;Canal de programação comum;Canal de conteúdo em geral;CANAL OFERTADO EM PACOTE;17/10/2017;ALTA DEFINIÇÃO;FUNDACAO ROBERTO MARINHO;29.527.413/0001-00;Programadora brasileira independente;BRASIL
CANAL FX; 6276.30002 ;Canal de espaço qualificado;Canal de conteúdo em geral;CANAL OFERTADO EM PACOTE;01/01/2005;PADRÃO;TFCF LATIN AMERICAN CHANNEL LLC;;Programadora Estrangeira;ESTADOS UNIDOS
CANAL K; 18160.30001 ;Canal brasileiro de espaço qualificado;Canal de conteúdo em geral;CANAL OFERTADO EM PACOTE;17/01/2011;PADRÃO;MÍDIA DO BRASIL COMUNICAÇÕES, SERVIÇOS DE TELEVISÃO LTDA;71.841.282/0001-06;Programadora brasileira independente;BRASIL
CANAL K HD; 18160.30003 ;Canal brasileiro de espaço qualificado;Canal de conteúdo em geral;CANAL OFERTADO EM PACOTE;21/03/2013;ALTA DEFINIÇÃO;MÍDIA DO BRASIL COMUNICAÇÕES, SERVIÇOS DE TELEVISÃO LTDA;71.841.282/0001-06;Programadora brasileira independente;BRASIL
CANAL LIKE; 37746.30001 ;Canal de programação comum;Canal de conteúdo em geral;CANAL OFERTADO EM PACOTE;24/04/2018;ALTA DEFINIÇÃO;CANAL LIKE PROGRAMAÇÃO LTDA;28.120.721/0001-54;Programadora brasileira independente nos termos do art.17, §5º da Lei 12.485/2011;BRASIL
CANAL LIKE+; 37746.30002 ;Canal de programação comum;Canal de conteúdo em geral;CANAL OFERTADO EM PACOTE;26/05/2021;ALTA DEFINIÇÃO;CANAL LIKE PROGRAMAÇÃO LTDA;28.120.721/0001-54;Programadora brasileira independente nos termos do art.17, §5º da Lei 12.485/2011;BRASIL
CANAL PAULISTÃO 1 - HD; 44181.30016 ;Canal de programação comum;Canal de conteúdo esportivo;CANAL À LA CARTE;15/12/2021;ALTA DEFINIÇÃO;LIVEMODE SERVICOS DIGITAIS S.A.;29.037.988/0001-45;Programadora brasileira independente nos termos do art.17, §5º da Lei 12.485/2011;BRASIL
CANAL PAULISTÃO 1 - SD; 44181.30015 ;Canal de programação comum;Canal de conteúdo esportivo;CANAL À LA CARTE;15/12/2021;PADRÃO;LIVEMODE SERVICOS DIGITAIS S.A.;29.037.988/0001-45;Programadora brasileira independente nos termos do art.17, §5º da Lei 12.485/2011;BRASIL
CANAL PAULISTÃO 2 - HD; 44181.30018 ;Canal de programação comum;Canal de conteúdo esportivo;CANAL À LA CARTE;15/12/2021;ALTA DEFINIÇÃO;LIVEMODE SERVICOS DIGITAIS S.A.;29.037.988/0001-45;Programadora brasileira independente nos termos do art.17, §5º da Lei 12.485/2011;BRASIL
CANAL PAULISTÃO 2 - SD; 44181.30017 ;Canal de programação comum;Canal de conteúdo esportivo;CANAL À LA CARTE;15/12/2021;PADRÃO;LIVEMODE SERVICOS DIGITAIS S.A.;29.037.988/0001-45;Programadora brasileira independente nos termos do art.17, §5º da Lei 12.485/2011;BRASIL
CANAL PAULISTÃO 3 - HD; 44181.30020 ;Canal de programação comum;Canal de conteúdo esportivo;CANAL À LA CARTE;15/12/2021;ALTA DEFINIÇÃO;LIVEMODE SERVICOS DIGITAIS S.A.;29.037.988/0001-45;Programadora brasileira independente nos termos do art.17, §5º da Lei 12.485/2011;BRASIL
CANAL PAULISTÃO 3 - SD; 44181.30019 ;Canal de programação comum;Canal de conteúdo esportivo;CANAL À LA CARTE;15/12/2021;PADRÃO;LIVEMODE SERVICOS DIGITAIS S.A.;29.037.988/0001-45;Programadora brasileira independente nos termos do art.17, §5º da Lei 12.485/2011;BRASIL
CANAL RURAL HD; 4452.30004 ;Canal de programação comum;Canal de televenda ou infomercial;CANAL OFERTADO EM PACOTE;05/07/2022;ALTA DEFINIÇÃO;CANAL RURAL PRODUCOES LTDA;01.815.092/0001-20;Programadora brasileira independente nos termos do art.17, §5º da Lei 12.485/2011;BRASIL
CANAL RURAL SD; 4452.30001 ;Canal de programação comum;Canal de televenda ou infomercial;CANAL OFERTADO EM PACOTE;27/10/1998;PADRÃO;CANAL RURAL PRODUCOES LTDA;01.815.092/0001-20;Programadora brasileira independente nos termos do art.17, §5º da Lei 12.485/2011;BRASIL
CANAL SIDYS; 23033.30001 ;Canal de programação comum;Canal de conteúdo jornalístico;CANAL OFERTADO EM PACOTE;10/11/2012;PADRÃO;SIDY S TV LTDA - EPP;17.054.936/0001-06;Programadora brasileira independente nos termos do art.17, §5º da Lei 12.485/2011;BRASIL
CANAL TCM 10 HD; 23817.30001 ;Canal de programação comum;Canal de conteúdo jornalístico;CANAL OFERTADO EM PACOTE;22/12/2000;ALTA DEFINIÇÃO;PROGRAMADORA CANAL TCM LTDA;04.209.895/0001-20;Programadora brasileira;BRASIL
CANAL 07; 32129.30001 ;Canal de programação comum;Canal de conteúdo em geral;CANAL OFERTADO EM PACOTE;05/02/2007;PADRÃO;CANAL 07 SERVIÇOS DIGITAIS MARKETING E PUBLICIDADE LTDA;08.646.003/0001-09;Programadora brasileira independente nos termos do art.17, §5º da Lei 12.485/2011;BRASIL
CARTOON NETWORK; 40403.30002 ;Canal de espaço qualificado;Canal de conteúdo infantil e adolescente;CANAL OFERTADO EM PACOTE;30/04/1993;PADRÃO;TURNER INTERNATIONAL LATIN AMERICA, INC;05.583.971/0001-25;Programadora Estrangeira;ESTADOS UNIDOS
CARTOON NETWORK HD; 40403.30016 ;Canal de espaço qualificado;Canal de conteúdo infantil e adolescente;CANAL OFERTADO EM PACOTE;27/02/2014;ALTA DEFINIÇÃO;TURNER INTERNATIONAL LATIN AMERICA, INC;05.583.971/0001-25;Programadora Estrangeira;ESTADOS UNIDOS
CARTOONITO; 40403.30001 ;Canal de espaço qualificado;Canal de conteúdo infantil e adolescente;CANAL OFERTADO EM PACOTE;03/07/2001;PADRÃO;TURNER INTERNATIONAL LATIN AMERICA, INC;05.583.971/0001-25;Programadora Estrangeira;ESTADOS UNIDOS
CARTOONITO HD; 40403.30023 ;Canal de espaço qualificado;Canal de conteúdo infantil e adolescente;CANAL OFERTADO EM PACOTE;01/04/2017;ALTA DEFINIÇÃO;TURNER INTERNATIONAL LATIN AMERICA, INC;05.583.971/0001-25;Programadora Estrangeira;ESTADOS UNIDOS
CINEBRASILTV; 259.30001 ;Canal brasileiro de espaço qualificado nos termos do art. 17, §5º da lei 12.485/2011;Canal de conteúdo em geral;CANAL OFERTADO EM PACOTE;10/07/2004;PADRÃO;CONCEITO A EM AUDIOVISUAL S.A;73.560.195/0001-06;Programadora brasileira independente nos termos do art.17, §5º da Lei 12.485/2011;BRASIL
CINEBRASILTV HD; 259.30002 ;Canal brasileiro de espaço qualificado nos termos do art. 17, §5º da lei 12.485/2011;Canal de conteúdo em geral;CANAL OFERTADO EM PACOTE;23/04/2018;ALTA DEFINIÇÃO;CONCEITO A EM AUDIOVISUAL S.A;73.560.195/0001-06;Programadora brasileira independente nos termos do art.17, §5º da Lei 12.485/2011;BRASIL
CINECANAL; 6276.30010 ;Canal de espaço qualificado;Canal de conteúdo em geral;CANAL OFERTADO EM PACOTE;01/01/2005;PADRÃO;TFCF LATIN AMERICAN CHANNEL LLC;;Programadora Estrangeira;ESTADOS UNIDOS
CINECANAL HD; 6276.30018 ;Canal de espaço qualificado;Canal de conteúdo em geral;CANAL OFERTADO EM PACOTE;03/08/2015;ALTA DEFINIÇÃO;TFCF LATIN AMERICAN CHANNEL LLC;;Programadora Estrangeira;ESTADOS UNIDOS
CINEMAX; 22427.30001 ;Canal de espaço qualificado;Canal de conteúdo em geral;CANAL OFERTADO EM PACOTE;10/12/2010;PADRÃO;BRASIL ADVERTISING, L.L.C;16.810.009/0001-06;Programadora Estrangeira;ESTADOS UNIDOS
CINEMAX HD; 22427.30002 ;Canal de espaço qualificado;Canal de conteúdo em geral;CANAL OFERTADO EM PACOTE;11/04/2014;ALTA DEFINIÇÃO;BRASIL ADVERTISING, L.L.C;16.810.009/0001-06;Programadora Estrangeira;ESTADOS UNIDOS
CNN BRASIL; 42793.30001 ;Canal de programação comum;Canal de conteúdo jornalístico;CANAL OFERTADO EM PACOTE, CANAL À LA CARTE, PAY-PER-VIEW;15/03/2020;ALTA DEFINIÇÃO;NOVUS MIDIA S.A.;32.161.939/0001-24;Programadora brasileira independente nos termos do art.17, §5º da Lei 12.485/2011;BRASIL
CNN INTERNATIONAL; 40403.30005 ;Canal de programação comum;Canal de conteúdo jornalístico;CANAL OFERTADO EM PACOTE;01/01/1989;PADRÃO;TURNER INTERNATIONAL LATIN AMERICA, INC;05.583.971/0001-25;Programadora Estrangeira;ESTADOS UNIDOS
CÑN (EN ESPAÑOL); 40403.30006 ;Canal não adaptado ao mercado brasileiro;Canal de conteúdo jornalístico;CANAL OFERTADO EM PACOTE;01/03/1999;PADRÃO;TURNER INTERNATIONAL LATIN AMERICA, INC;05.583.971/0001-25;Programadora Estrangeira;ESTADOS UNIDOS
COMBATE; 4727.30010 ;Canal de programação comum;Canal de conteúdo esportivo;CANAL OFERTADO EM PACOTE, CANAL À LA CARTE, PAY-PER-VIEW;01/01/2020;PADRÃO;GLOBO COMUNICACAO E PARTICIPACOES S/A;27.865.757/0001-02;Programadora brasileira independente;BRASIL
COMBATE HD; 4727.30099 ;Canal de programação comum;Canal de conteúdo esportivo;CANAL OFERTADO EM PACOTE, CANAL À LA CARTE, PAY-PER-VIEW;01/01/2020;ALTA DEFINIÇÃO;GLOBO COMUNICACAO E PARTICIPACOES S/A;27.865.757/0001-02;Programadora brasileira independente;BRASIL
COMBATE 2; 4727.30100 ;Canal de programação comum;Canal de conteúdo esportivo;CANAL OFERTADO EM PACOTE, CANAL À LA CARTE, PAY-PER-VIEW;01/01/2020;ALTA DEFINIÇÃO;GLOBO COMUNICACAO E PARTICIPACOES S/A;27.865.757/0001-02;Programadora brasileira independente;BRASIL
COMEDY CENTRAL; 6209.30007 ;Canal de espaço qualificado;Canal de conteúdo em geral;CANAL OFERTADO EM PACOTE;01/02/2012;PADRÃO;MTV NETWORKS LATIN AMERICA INC.;;Programadora Estrangeira;ESTADOS UNIDOS
COMEDY CENTRAL HD; 6209.30008 ;Canal de espaço qualificado;Canal de conteúdo em geral;CANAL OFERTADO EM PACOTE;01/02/2012;ALTA DEFINIÇÃO;MTV NETWORKS LATIN AMERICA INC.;;Programadora Estrangeira;ESTADOS UNIDOS
CONMEBOL TV 01 HD; 47452.30002 ;Canal de programação comum;Canal de conteúdo esportivo;CANAL À LA CARTE, PAY-PER-VIEW;01/01/2021;ALTA DEFINIÇÃO;CONFEDERACION SUDAMERICANA DE FUTBOL;;Programadora Estrangeira;PARAGUAI
CONMEBOL TV 02 HD; 47452.30004 ;Canal de programação comum;Canal de conteúdo esportivo;CANAL À LA CARTE, PAY-PER-VIEW;01/01/2021;ALTA DEFINIÇÃO;CONFEDERACION SUDAMERICANA DE FUTBOL;;Programadora Estrangeira;PARAGUAI
CONMEBOL TV 03 HD; 47452.30006 ;Canal de programação comum;Canal de conteúdo esportivo;CANAL À LA CARTE, PAY-PER-VIEW;01/01/2021;ALTA DEFINIÇÃO;CONFEDERACION SUDAMERICANA DE FUTBOL;;Programadora Estrangeira;PARAGUAI
CONMEBOL TV 04 HD; 47452.30008 ;Canal de programação comum;Canal de conteúdo esportivo;CANAL À LA CARTE, PAY-PER-VIEW;01/01/2021;ALTA DEFINIÇÃO;CONFEDERACION SUDAMERICANA DE FUTBOL;;Programadora Estrangeira;PARAGUAI
CURTA! O CANAL INDEPENDENTE; 22831.30001 ;Canal brasileiro de espaço qualificado nos termos do art. 17, §5º da lei 12.485/2011;Canal de conteúdo em geral;CANAL OFERTADO EM PACOTE;01/11/2012;PADRÃO;CURTA! PROGRAMADORA DE CANAIS DE TV LTDA;17.164.803/0001-84;Programadora brasileira independente nos termos do art.17, §5º da Lei 12.485/2011;BRASIL
CURTA! O CANAL INDEPENDENTE HD; 22831.30003 ;Canal brasileiro de espaço qualificado nos termos do art. 17, §5º da lei 12.485/2011;Canal de conteúdo em geral;CANAL OFERTADO EM PACOTE;01/09/2017;ALTA DEFINIÇÃO;CURTA! PROGRAMADORA DE CANAIS DE TV LTDA;17.164.803/0001-84;Programadora brasileira independente nos termos do art.17, §5º da Lei 12.485/2011;BRASIL
DIÁRIO TV; 25227.30001 ;Canal de programação comum;Canal de conteúdo jornalístico;CANAL OFERTADO EM PACOTE;20/08/2009;PADRÃO;GRUPO SERRA COMUNICACOES DE TERESOPOLIS LTDA - ME;07.002.863/0001-47;Programadora brasileira independente nos termos do art.17, §5º da Lei 12.485/2011;BRASIL
DISCOVERY CHANNEL; 26039.30002 ;Canal de espaço qualificado;Canal de conteúdo em geral;CANAL OFERTADO EM PACOTE;01/04/1996;PADRÃO;DISCOVERY NETWORKS, SL;;Programadora Estrangeira;ESPANHA
DISCOVERY CHANNEL HD; 26039.30014 ;Canal de espaço qualificado;Canal de conteúdo em geral;CANAL OFERTADO EM PACOTE;04/12/2012;ALTA DEFINIÇÃO;DISCOVERY NETWORKS, SL;;Programadora Estrangeira;ESPANHA
DISCOVERY HOME AND HEALTH; 26039.30005 ;Canal de espaço qualificado;Canal de conteúdo em geral;CANAL OFERTADO EM PACOTE;10/07/2000;PADRÃO;DISCOVERY NETWORKS, SL;;Programadora Estrangeira;ESPANHA
DISCOVERY HOME AND HEALTH HD; 26039.30012 ;Canal de espaço qualificado;Canal de conteúdo em geral;CANAL OFERTADO EM PACOTE;04/12/2012;ALTA DEFINIÇÃO;DISCOVERY NETWORKS, SL;;Programadora Estrangeira;ESPANHA
DISCOVERY KIDS; 26039.30006 ;Canal de espaço qualificado;Canal de conteúdo infantil e adolescente;CANAL OFERTADO EM PACOTE;02/03/1998;PADRÃO;DISCOVERY NETWORKS, SL;;Programadora Estrangeira;ESPANHA
DISCOVERY KIDS HD; 26039.30015 ;Canal de espaço qualificado;Canal de conteúdo infantil e adolescente;CANAL OFERTADO EM PACOTE;15/04/2013;ALTA DEFINIÇÃO;DISCOVERY NETWORKS, SL;;Programadora Estrangeira;ESPANHA
DISCOVERY SCIENCE; 26039.30007 ;Canal de espaço qualificado;Canal de conteúdo em geral;CANAL OFERTADO EM PACOTE;28/02/2005;PADRÃO;DISCOVERY NETWORKS, SL;;Programadora Estrangeira;ESPANHA
DISCOVERY SCIENCE HD; 26039.30019 ;Canal de espaço qualificado;Canal de conteúdo em geral;CANAL OFERTADO EM PACOTE;03/10/2017;ALTA DEFINIÇÃO;DISCOVERY NETWORKS, SL;;Programadora Estrangeira;ESPANHA
DISCOVERY THEATER HD; 26039.30004 ;Canal de espaço qualificado;Canal de conteúdo em geral;CANAL OFERTADO EM PACOTE;16/03/2009;ALTA DEFINIÇÃO;DISCOVERY NETWORKS, SL;;Programadora Estrangeira;ESPANHA
DISCOVERY TURBO; 26039.30008 ;Canal de espaço qualificado;Canal de conteúdo em geral;CANAL OFERTADO EM PACOTE;28/02/2005;PADRÃO;DISCOVERY NETWORKS, SL;;Programadora Estrangeira;ESPANHA
DISCOVERY TURBO HD; 26039.30016 ;Canal de espaço qualificado;Canal de conteúdo em geral;CANAL OFERTADO EM PACOTE;04/11/2014;ALTA DEFINIÇÃO;DISCOVERY NETWORKS, SL;;Programadora Estrangeira;ESPANHA
DISCOVERY WORLD HD; 26039.30011 ;Canal de espaço qualificado;Canal de conteúdo em geral;CANAL OFERTADO EM PACOTE;07/12/2009;ALTA DEFINIÇÃO;DISCOVERY NETWORKS, SL;;Programadora Estrangeira;ESPANHA
DISNEY CHANNEL; 6222.30001 ;Canal de espaço qualificado;Canal de conteúdo infantil e adolescente;CANAL OFERTADO EM PACOTE;01/04/2001;PADRÃO;BUENA VISTA INTERNATIONAL, INC;;Programadora Estrangeira;ESTADOS UNIDOS
DISNEY CHANNEL HD; 6222.30002 ;Canal de espaço qualificado;Canal de conteúdo infantil e adolescente;CANAL OFERTADO EM PACOTE;01/12/2009;ALTA DEFINIÇÃO;BUENA VISTA INTERNATIONAL, INC;;Programadora Estrangeira;ESTADOS UNIDOS
DREAMWORKS; 50861.30001 ;Canal de espaço qualificado;Canal de conteúdo infantil e adolescente;CANAL OFERTADO EM PACOTE;01/04/2022;PADRÃO;NBC UNIVERSAL GLOBAL NETWORKS LATIN AMERICA, LLC;;Programadora Estrangeira;ESTADOS UNIDOS
DREAMWORKS HD; 50861.30002 ;Canal de espaço qualificado;Canal de conteúdo infantil e adolescente;CANAL OFERTADO EM PACOTE;01/04/2022;ALTA DEFINIÇÃO;NBC UNIVERSAL GLOBAL NETWORKS LATIN AMERICA, LLC;;Programadora Estrangeira;ESTADOS UNIDOS
DUNAS TV; 48772.30001 ;Canal de programação comum;Canal de conteúdo em geral;CANAL OFERTADO EM PACOTE;01/04/2021;ALTA DEFINIÇÃO;DUNAS TELECOMUNICAÇÕES LTDA;40.341.207/0001-44;Programadora brasileira independente nos termos do art.17, §5º da Lei 12.485/2011;BRASIL
E! ENTERTAINMENT TELEVISION; 22407.30001 ;Canal de espaço qualificado;Canal de conteúdo em geral;CANAL OFERTADO EM PACOTE;01/06/1997;PADRÃO;E! BRAZIL DISTRIBUTION, LLC;;Programadora Estrangeira;ESTADOS UNIDOS
E! ENTERTAINMENT TELEVISION HD; 22407.30002 ;Canal de espaço qualificado;Canal de conteúdo em geral;CANAL OFERTADO EM PACOTE;01/09/2016;ALTA DEFINIÇÃO;E! BRAZIL DISTRIBUTION, LLC;;Programadora Estrangeira;ESTADOS UNIDOS
EMPREENDER; 3293.30017 ;Canal de programação comum;Canal de conteúdo jornalístico;CANAL OFERTADO EM PACOTE;05/07/2022;ALTA DEFINIÇÃO;NEWCO PROGRAMADORA E PRODUTORA DE COMUNICACAO LTDA.;04.334.366/0001-58;Programadora brasileira;BRASIL
ESPN; 653.30002 ;Canal de programação comum;Canal de conteúdo esportivo;CANAL OFERTADO EM PACOTE;13/06/1995;PADRÃO;ESPN DO BRASIL EVENTOS ESPORTIVOS LTDA.;00.637.277/0001-20;Programadora brasileira de capital estrangeiro;BRASIL
ESPN EXTRA HD; 653.30006 ;Canal de programação comum;Canal de conteúdo esportivo;CANAL OFERTADO EM PACOTE;01/03/2016;ALTA DEFINIÇÃO;ESPN DO BRASIL EVENTOS ESPORTIVOS LTDA.;00.637.277/0001-20;Programadora brasileira de capital estrangeiro;BRASIL
ESPN HD; 653.30004 ;Canal de programação comum;Canal de conteúdo esportivo;CANAL OFERTADO EM PACOTE;01/08/2012;ALTA DEFINIÇÃO;ESPN DO BRASIL EVENTOS ESPORTIVOS LTDA.;00.637.277/0001-20;Programadora brasileira de capital estrangeiro;BRASIL
ESPN 2; 653.30001 ;Canal de programação comum;Canal de conteúdo esportivo;CANAL OFERTADO EM PACOTE;01/10/1989;PADRÃO;ESPN DO BRASIL EVENTOS ESPORTIVOS LTDA.;00.637.277/0001-20;Programadora brasileira de capital estrangeiro;BRASIL
ESPN 2 HD; 653.30005 ;Canal de programação comum;Canal de conteúdo esportivo;CANAL OFERTADO EM PACOTE;07/06/2013;ALTA DEFINIÇÃO;ESPN DO BRASIL EVENTOS ESPORTIVOS LTDA.;00.637.277/0001-20;Programadora brasileira de capital estrangeiro;BRASIL
ESPN 3; 653.30007 ;Canal de programação comum;Canal de conteúdo esportivo;CANAL OFERTADO EM PACOTE;01/01/2017;PADRÃO;ESPN DO BRASIL EVENTOS ESPORTIVOS LTDA.;00.637.277/0001-20;Programadora brasileira de capital estrangeiro;BRASIL
ESPN 3 HD; 653.30003 ;Canal de programação comum;Canal de conteúdo esportivo;CANAL OFERTADO EM PACOTE;29/04/2009;ALTA DEFINIÇÃO;ESPN DO BRASIL EVENTOS ESPORTIVOS LTDA.;00.637.277/0001-20;Programadora brasileira de capital estrangeiro;BRASIL
ESPN 4; 6276.30004 ;Canal de programação comum;Canal de conteúdo esportivo;CANAL OFERTADO EM PACOTE;01/02/2012;PADRÃO;TFCF LATIN AMERICAN CHANNEL LLC;;Programadora Estrangeira;ESTADOS UNIDOS
ESPN 4 HD; 6276.30011 ;Canal de programação comum;Canal de conteúdo esportivo;CANAL OFERTADO EM PACOTE;01/02/2012;ALTA DEFINIÇÃO;TFCF LATIN AMERICAN CHANNEL LLC;;Programadora Estrangeira;ESTADOS UNIDOS
EUROCHANNEL; 6214.30001 ;Canal de espaço qualificado;Canal de conteúdo em geral;CANAL OFERTADO EM PACOTE;03/10/2001;PADRÃO;EUROCHANNEL, INC;;Programadora Estrangeira;ESTADOS UNIDOS
EURONEWS; 30574.30001 ;Canal não adaptado ao mercado brasileiro;Canal de conteúdo em geral;CANAL OFERTADO EM PACOTE, CANAL À LA CARTE, PAY-PER-VIEW;04/08/2015;PADRÃO;EURONEWS S.A.;;Programadora Estrangeira;FRANÇA
FASHION TV BRAZIL; 4744.30007 ;Canal brasileiro de espaço qualificado;Canal de conteúdo em geral;CANAL OFERTADO EM PACOTE;20/08/2012;PADRÃO;PBI - PROGRAMADORA BRASILEIRA INDEPENDENTE S.A;07.254.174/0001-20;Programadora brasileira independente nos termos do art.17, §5º da Lei 12.485/2011;BRASIL
FASHION TV BRAZIL HD; 4744.30008 ;Canal brasileiro de espaço qualificado;Canal de conteúdo em geral;CANAL OFERTADO EM PACOTE;01/07/2015;ALTA DEFINIÇÃO;PBI - PROGRAMADORA BRASILEIRA INDEPENDENTE S.A;07.254.174/0001-20;Programadora brasileira independente nos termos do art.17, §5º da Lei 12.485/2011;BRASIL
FILM & ARTS; 6268.30001 ;Canal de espaço qualificado;Canal de conteúdo em geral;CANAL OFERTADO EM PACOTE;01/06/2018;PADRÃO;AMC NETWORKS ARGENTINA S.C.A.;;Programadora Estrangeira;ARGENTINA
FILM & ARTS HD; 6268.30002 ;Canal de espaço qualificado;Canal de conteúdo em geral;CANAL OFERTADO EM PACOTE;01/06/2018;ALTA DEFINIÇÃO;AMC NETWORKS ARGENTINA S.C.A.;;Programadora Estrangeira;ARGENTINA
FISHTV; 22269.30001 ;Canal brasileiro de espaço qualificado;Canal de conteúdo em geral;CANAL OFERTADO EM PACOTE;29/06/2012;PADRÃO;TUNNA ENTRETENIMENTO E AUDIOVISUAL LTDA;14.807.981/0001-98;Programadora brasileira independente nos termos do art.17, §5º da Lei 12.485/2011;BRASIL
FISHTV HD; 22269.30002 ;Canal brasileiro de espaço qualificado;Canal de conteúdo em geral;CANAL OFERTADO EM PACOTE;01/02/2018;ALTA DEFINIÇÃO;TUNNA ENTRETENIMENTO E AUDIOVISUAL LTDA;14.807.981/0001-98;Programadora brasileira independente nos termos do art.17, §5º da Lei 12.485/2011;BRASIL
FOOD NETWORK; 26039.30021 ;Canal de espaço qualificado;Canal de conteúdo em geral;CANAL OFERTADO EM PACOTE;01/03/2014;PADRÃO;DISCOVERY NETWORKS, SL;;Programadora Estrangeira;ESPANHA
FOOD NETWORK HD; 26039.30022 ;Canal de espaço qualificado;Canal de conteúdo em geral;CANAL OFERTADO EM PACOTE;01/03/2014;ALTA DEFINIÇÃO;DISCOVERY NETWORKS, SL;;Programadora Estrangeira;ESPANHA
FOX SPORTS 2; 6276.30012 ;Canal de programação comum;Canal de conteúdo esportivo;CANAL OFERTADO EM PACOTE;01/01/2014;PADRÃO;TFCF LATIN AMERICAN CHANNEL LLC;;Programadora Estrangeira;ESTADOS UNIDOS
FOX SPORTS 2 HD; 6276.30013 ;Canal de programação comum;Canal de conteúdo esportivo;CANAL OFERTADO EM PACOTE;01/01/2014;ALTA DEFINIÇÃO;TFCF LATIN AMERICAN CHANNEL LLC;;Programadora Estrangeira;ESTADOS UNIDOS
FUEL TV; 45297.30001 ;Canal de programação comum;Canal de conteúdo em geral;CANAL OFERTADO EM PACOTE, CANAL À LA CARTE;01/10/2020;ALTA DEFINIÇÃO;FUEL TV EMEA S.A.;;Programadora Estrangeira;PORTUGAL
FX HD; 6276.30016 ;Canal de espaço qualificado;Canal de conteúdo em geral;CANAL OFERTADO EM PACOTE;02/06/2014;ALTA DEFINIÇÃO;TFCF LATIN AMERICAN CHANNEL LLC;;Programadora Estrangeira;ESTADOS UNIDOS
GEN TV; 37493.30001 ;Canal de programação comum;Canal de conteúdo em geral;CANAL OFERTADO EM PACOTE;01/08/2017;PADRÃO;TV SUL BRASIL LTDA ME;85.340.941/0001-27;Programadora brasileira independente nos termos do art.17, §5º da Lei 12.485/2011;BRASIL
GLOBO NEWS; 4727.30002 ;Canal de programação comum;Canal de conteúdo jornalístico;CANAL OFERTADO EM PACOTE;15/10/1996;PADRÃO;GLOBO COMUNICACAO E PARTICIPACOES S/A;27.865.757/0001-02;Programadora brasileira independente;BRASIL
GLOBO NEWS HD; 4727.30003 ;Canal de programação comum;Canal de conteúdo jornalístico;CANAL OFERTADO EM PACOTE;03/02/2013;ALTA DEFINIÇÃO;GLOBO COMUNICACAO E PARTICIPACOES S/A;27.865.757/0001-02;Programadora brasileira independente;BRASIL
GLOOB; 4727.30005 ;Canal de espaço qualificado;Canal de conteúdo infantil e adolescente;CANAL OFERTADO EM PACOTE;01/01/2020;PADRÃO;GLOBO COMUNICACAO E PARTICIPACOES S/A;27.865.757/0001-02;Programadora brasileira independente;BRASIL
GLOOB (EM HD); 4727.30018 ;Canal de espaço qualificado;Canal de conteúdo infantil e adolescente;CANAL OFERTADO EM PACOTE;01/01/2020;ALTA DEFINIÇÃO;GLOBO COMUNICACAO E PARTICIPACOES S/A;27.865.757/0001-02;Programadora brasileira independente;BRASIL
GLOOBINHO; 4727.30095 ;Canal de espaço qualificado;Canal de conteúdo infantil e adolescente;CANAL OFERTADO EM PACOTE;01/01/2020;ALTA DEFINIÇÃO;GLOBO COMUNICACAO E PARTICIPACOES S/A;27.865.757/0001-02;Programadora brasileira independente;BRASIL
GNT; 4727.30006 ;Canal de espaço qualificado;Canal de conteúdo em geral;CANAL OFERTADO EM PACOTE;01/01/2020;PADRÃO;GLOBO COMUNICACAO E PARTICIPACOES S/A;27.865.757/0001-02;Programadora brasileira independente;BRASIL
GNT HD; 4727.30014 ;Canal de espaço qualificado;Canal de conteúdo em geral;CANAL OFERTADO EM PACOTE;01/01/2020;ALTA DEFINIÇÃO;GLOBO COMUNICACAO E PARTICIPACOES S/A;27.865.757/0001-02;Programadora brasileira independente;BRASIL
HBO; 22428.30001 ;Canal de espaço qualificado;Canal de conteúdo em geral;CANAL OFERTADO EM PACOTE, CANAL À LA CARTE;01/07/1994;PADRÃO;BRASIL PROGRAMMING, L.L.C;16.810.008/0001-53;Programadora Estrangeira;ESTADOS UNIDOS
HBO (EM HD); 22428.30008 ;Canal de espaço qualificado;Canal de conteúdo em geral;CANAL OFERTADO EM PACOTE, CANAL À LA CARTE;01/04/2009;ALTA DEFINIÇÃO;BRASIL PROGRAMMING, L.L.C;16.810.008/0001-53;Programadora Estrangeira;ESTADOS UNIDOS
HBO FAMILY; 22428.30004 ;Canal de espaço qualificado;Canal de conteúdo em geral;CANAL OFERTADO EM PACOTE, CANAL À LA CARTE;04/05/2005;PADRÃO;BRASIL PROGRAMMING, L.L.C;16.810.008/0001-53;Programadora Estrangeira;ESTADOS UNIDOS
HBO FAMILY (EM HD); 22428.30010 ;Canal de espaço qualificado;Canal de conteúdo em geral;CANAL OFERTADO EM PACOTE, CANAL À LA CARTE;18/06/2013;ALTA DEFINIÇÃO;BRASIL PROGRAMMING, L.L.C;16.810.008/0001-53;Programadora Estrangeira;ESTADOS UNIDOS
HBO MUNDI; 22429.30001 ;Canal de espaço qualificado;Canal de conteúdo em geral;CANAL OFERTADO EM PACOTE, CANAL À LA CARTE;01/10/1997;PADRÃO;BRASIL PRODUCTIONS, L.L.C;16.840.199/0001-04;Programadora Estrangeira;ESTADOS UNIDOS
HBO MUNDI HD; 22429.30006 ;Canal de espaço qualificado;Canal de conteúdo em geral;CANAL OFERTADO EM PACOTE, CANAL À LA CARTE;26/09/2014;ALTA DEFINIÇÃO;BRASIL PRODUCTIONS, L.L.C;16.840.199/0001-04;Programadora Estrangeira;ESTADOS UNIDOS
HBO PLUS; 22428.30003 ;Canal de espaço qualificado;Canal de conteúdo em geral;CANAL OFERTADO EM PACOTE, CANAL À LA CARTE;22/01/2004;PADRÃO;BRASIL PROGRAMMING, L.L.C;16.810.008/0001-53;Programadora Estrangeira;ESTADOS UNIDOS
HBO PLUS (EM HD); 22428.30011 ;Canal de espaço qualificado;Canal de conteúdo em geral;CANAL OFERTADO EM PACOTE, CANAL À LA CARTE;18/06/2013;ALTA DEFINIÇÃO;BRASIL PROGRAMMING, L.L.C;16.810.008/0001-53;Programadora Estrangeira;ESTADOS UNIDOS
HBO POP; 22429.30005 ;Canal de espaço qualificado;Canal de conteúdo em geral;CANAL OFERTADO EM PACOTE, CANAL À LA CARTE;01/06/2010;PADRÃO;BRASIL PRODUCTIONS, L.L.C;16.840.199/0001-04;Programadora Estrangeira;ESTADOS UNIDOS
HBO POP HD; 22429.30002 ;Canal de espaço qualificado;Canal de conteúdo em geral;CANAL OFERTADO EM PACOTE, CANAL À LA CARTE;01/06/2010;ALTA DEFINIÇÃO;BRASIL PRODUCTIONS, L.L.C;16.840.199/0001-04;Programadora Estrangeira;ESTADOS UNIDOS
HBO SIGNATURE; 22428.30005 ;Canal de espaço qualificado;Canal de conteúdo em geral;CANAL OFERTADO EM PACOTE, CANAL À LA CARTE;01/04/2012;PADRÃO;BRASIL PROGRAMMING, L.L.C;16.810.008/0001-53;Programadora Estrangeira;ESTADOS UNIDOS
HBO SIGNATURE (EM HD); 22428.30012 ;Canal de espaço qualificado;Canal de conteúdo em geral;CANAL OFERTADO EM PACOTE, CANAL À LA CARTE;15/05/2013;ALTA DEFINIÇÃO;BRASIL PROGRAMMING, L.L.C;16.810.008/0001-53;Programadora Estrangeira;ESTADOS UNIDOS
HBO XTREME; 22429.30003 ;Canal de espaço qualificado;Canal de conteúdo em geral;CANAL OFERTADO EM PACOTE, CANAL À LA CARTE;01/11/2000;PADRÃO;BRASIL PRODUCTIONS, L.L.C;16.840.199/0001-04;Programadora Estrangeira;ESTADOS UNIDOS
HBO XTREME HD; 22429.30007 ;Canal de espaço qualificado;Canal de conteúdo em geral;CANAL OFERTADO EM PACOTE, CANAL À LA CARTE;26/09/2014;ALTA DEFINIÇÃO;BRASIL PRODUCTIONS, L.L.C;16.840.199/0001-04;Programadora Estrangeira;ESTADOS UNIDOS
HBO 2; 22428.30002 ;Canal de espaço qualificado;Canal de conteúdo em geral;CANAL OFERTADO EM PACOTE, CANAL À LA CARTE;01/03/1995;PADRÃO;BRASIL PROGRAMMING, L.L.C;16.810.008/0001-53;Programadora Estrangeira;ESTADOS UNIDOS
HBO 2 (EM HD); 22428.30009 ;Canal de espaço qualificado;Canal de conteúdo em geral;CANAL OFERTADO EM PACOTE, CANAL À LA CARTE;15/05/2013;ALTA DEFINIÇÃO;BRASIL PROGRAMMING, L.L.C;16.810.008/0001-53;Programadora Estrangeira;ESTADOS UNIDOS
HGTV HD; 26039.30024 ;Canal de espaço qualificado;Canal de conteúdo em geral;CANAL OFERTADO EM PACOTE;10/06/2019;ALTA DEFINIÇÃO;DISCOVERY NETWORKS, SL;;Programadora Estrangeira;ESPANHA
HGTV SD; 26039.30023 ;Canal de espaço qualificado;Canal de conteúdo em geral;CANAL OFERTADO EM PACOTE;10/06/2019;PADRÃO;DISCOVERY NETWORKS, SL;;Programadora Estrangeira;ESPANHA
H2; 22399.30003 ;Canal de espaço qualificado;Canal de conteúdo em geral;CANAL OFERTADO EM PACOTE;01/10/2014;PADRÃO;HISTORY CHANNEL BRAZIL DISTRIBUTION, LLC;;Programadora Estrangeira;ESTADOS UNIDOS
H2 HD; 22399.30004 ;Canal de espaço qualificado;Canal de conteúdo em geral;CANAL OFERTADO EM PACOTE;01/10/2014;ALTA DEFINIÇÃO;HISTORY CHANNEL BRAZIL DISTRIBUTION, LLC;;Programadora Estrangeira;ESTADOS UNIDOS
INVESTIGAÇÃO DISCOVERY; 26039.30009 ;Canal de espaço qualificado;Canal de conteúdo em geral;CANAL OFERTADO EM PACOTE;09/07/2012;PADRÃO;DISCOVERY NETWORKS, SL;;Programadora Estrangeira;ESPANHA
INVESTIGAÇÃO DISCOVERY HD; 26039.30013 ;Canal de espaço qualificado;Canal de conteúdo em geral;CANAL OFERTADO EM PACOTE;04/12/2012;ALTA DEFINIÇÃO;DISCOVERY NETWORKS, SL;;Programadora Estrangeira;ESPANHA
I-SAT SD; 40403.30011 ;Canal de espaço qualificado;Canal de conteúdo em geral;CANAL OFERTADO EM PACOTE;01/01/2008;PADRÃO;TURNER INTERNATIONAL LATIN AMERICA, INC;05.583.971/0001-25;Programadora Estrangeira;ESTADOS UNIDOS
JOVEM PAN NEWS; 49723.30001 ;Canal de programação comum;Canal de conteúdo jornalístico;CANAL OFERTADO EM PACOTE;27/10/2021;ALTA DEFINIÇÃO;DIGITAL SEVEN PRODUTORA E DISTRIBUIDORA EIRELI;56.137.979/0001-07;Programadora brasileira independente nos termos do art.17, §5º da Lei 12.485/2011;BRASIL
LIFETIME; 27060.30001 ;Canal de espaço qualificado;Canal de conteúdo em geral;CANAL OFERTADO EM PACOTE;01/07/2014;PADRÃO;LIFETIME BRAZIL DISTRIBUTION, LLC.;;Programadora Estrangeira;ESTADOS UNIDOS
LIFETIME HD; 27060.30002 ;Canal de espaço qualificado;Canal de conteúdo em geral;CANAL OFERTADO EM PACOTE;06/11/2016;ALTA DEFINIÇÃO;LIFETIME BRAZIL DISTRIBUTION, LLC.;;Programadora Estrangeira;ESTADOS UNIDOS
LIVETV; 52686.30001 ;Canal de programação comum;Canal de televenda ou infomercial;CANAL OFERTADO EM PACOTE;15/03/2023;PADRÃO;ZIGON COMUNICACOES LTDA;00.589.639/0001-54;Programadora brasileira independente nos termos do art.17, §5º da Lei 12.485/2011;BRASIL
MACAE TV; 40335.30001 ;Canal de programação comum;Canal de conteúdo em geral;CANAL OFERTADO EM PACOTE;01/03/2018;ALTA DEFINIÇÃO;MACAÉ TV LTDA;14.185.374/0001-33;Programadora brasileira independente nos termos do art.17, §5º da Lei 12.485/2011;BRASIL
MARKKET; 4744.30011 ;Canal de programação comum;Canal de televenda ou infomercial;CANAL OFERTADO EM PACOTE;01/03/2022;PADRÃO;PBI - PROGRAMADORA BRASILEIRA INDEPENDENTE S.A;07.254.174/0001-20;Programadora brasileira independente nos termos do art.17, §5º da Lei 12.485/2011;BRASIL
MARKKET HD; 4744.30012 ;Canal de programação comum;Canal de televenda ou infomercial;CANAL OFERTADO EM PACOTE;01/03/2022;ALTA DEFINIÇÃO;PBI - PROGRAMADORA BRASILEIRA INDEPENDENTE S.A;07.254.174/0001-20;Programadora brasileira independente nos termos do art.17, §5º da Lei 12.485/2011;BRASIL
MAS CHIC; 6211.30001 ;Canal não adaptado ao mercado brasileiro;Canal de conteúdo em geral;CANAL OFERTADO EM PACOTE;01/08/2005;PADRÃO;AMC NETWORKS LATIN AMERICA LLC;06.147.448/0001-19;Programadora Estrangeira;ESTADOS UNIDOS
MASTER; 20925.30001 ;Canal de programação comum;Canal de conteúdo em geral;CANAL OFERTADO EM PACOTE;04/07/2001;PADRÃO;PREDICIT COMUNICAÇÕES LTDA-ME;03.187.306/0001-97;Programadora brasileira independente nos termos do art.17, §5º da Lei 12.485/2011;BRASIL
MEGAPIX; 39.30012 ;Canal de espaço qualificado;Canal de conteúdo em geral;CANAL OFERTADO EM PACOTE;01/07/2008;PADRÃO;TELECINE PROGRAMACAO DE FILMES LTDA;00.252.848/0001-08;Programadora brasileira de capital estrangeiro;BRASIL
MEGAPIX HD; 39.30013 ;Canal de espaço qualificado;Canal de conteúdo em geral;CANAL OFERTADO EM PACOTE;01/08/2010;ALTA DEFINIÇÃO;TELECINE PROGRAMACAO DE FILMES LTDA;00.252.848/0001-08;Programadora brasileira de capital estrangeiro;BRASIL
MODO VIAGEM; 4727.30017 ;Canal brasileiro de espaço qualificado;Canal de conteúdo em geral;CANAL OFERTADO EM PACOTE;01/01/2020;PADRÃO;GLOBO COMUNICACAO E PARTICIPACOES S/A;27.865.757/0001-02;Programadora brasileira independente;BRASIL
MODO VIAGEM (HD); 4727.30012 ;Canal brasileiro de espaço qualificado;Canal de conteúdo em geral;CANAL OFERTADO EM PACOTE;01/01/2020;ALTA DEFINIÇÃO;GLOBO COMUNICACAO E PARTICIPACOES S/A;27.865.757/0001-02;Programadora brasileira independente;BRASIL
MTV; 6209.30009 ;Canal de espaço qualificado;Canal de conteúdo em geral;CANAL OFERTADO EM PACOTE;01/10/2013;PADRÃO;MTV NETWORKS LATIN AMERICA INC.;;Programadora Estrangeira;ESTADOS UNIDOS
MTV HD; 6209.30011 ;Canal de espaço qualificado;Canal de conteúdo em geral;CANAL OFERTADO EM PACOTE;01/10/2013;ALTA DEFINIÇÃO;MTV NETWORKS LATIN AMERICA INC.;;Programadora Estrangeira;ESTADOS UNIDOS
MTV LIVE HD; 6209.30016 ;Canal não adaptado ao mercado brasileiro;Canal de conteúdo videomusical;CANAL OFERTADO EM PACOTE;15/07/2018;ALTA DEFINIÇÃO;MTV NETWORKS LATIN AMERICA INC.;;Programadora Estrangeira;ESTADOS UNIDOS
MULTISHOW; 4727.30119 ;Canal de espaço qualificado;Canal de conteúdo em geral;CANAL OFERTADO EM PACOTE;01/01/2020;PADRÃO;GLOBO COMUNICACAO E PARTICIPACOES S/A;27.865.757/0001-02;Programadora brasileira independente;BRASIL
MULTISHOW HD; 4727.30021 ;Canal de espaço qualificado;Canal de conteúdo em geral;CANAL OFERTADO EM PACOTE;01/01/2020;ALTA DEFINIÇÃO;GLOBO COMUNICACAO E PARTICIPACOES S/A;27.865.757/0001-02;Programadora brasileira independente;BRASIL
MUSIC BOX BRAZIL; 4744.30003 ;Canal brasileiro de espaço qualificado;Canal de conteúdo videomusical;CANAL OFERTADO EM PACOTE;20/08/2012;PADRÃO;PBI - PROGRAMADORA BRASILEIRA INDEPENDENTE S.A;07.254.174/0001-20;Programadora brasileira independente nos termos do art.17, §5º da Lei 12.485/2011;BRASIL
MUSIC BOX BRAZIL HD; 4744.30004 ;Canal brasileiro de espaço qualificado;Canal de conteúdo videomusical;CANAL OFERTADO EM PACOTE;15/09/2012;ALTA DEFINIÇÃO;PBI - PROGRAMADORA BRASILEIRA INDEPENDENTE S.A;07.254.174/0001-20;Programadora brasileira independente nos termos do art.17, §5º da Lei 12.485/2011;BRASIL
NATIONAL GEOGRAPHIC; 6276.30001 ;Canal de espaço qualificado;Canal de conteúdo em geral;CANAL OFERTADO EM PACOTE;01/01/2000;PADRÃO;TFCF LATIN AMERICAN CHANNEL LLC;;Programadora Estrangeira;ESTADOS UNIDOS
NATIONAL GEOGRAPHIC HD; 6276.30017 ;Canal de espaço qualificado;Canal de conteúdo em geral;CANAL OFERTADO EM PACOTE;02/06/2014;ALTA DEFINIÇÃO;TFCF LATIN AMERICAN CHANNEL LLC;;Programadora Estrangeira;ESTADOS UNIDOS
NICK JR; 6209.30003 ;Canal de espaço qualificado;Canal de conteúdo infantil e adolescente;CANAL OFERTADO EM PACOTE;01/04/2008;PADRÃO;MTV NETWORKS LATIN AMERICA INC.;;Programadora Estrangeira;ESTADOS UNIDOS
NICK JR HD; 6209.30015 ;Canal de espaço qualificado;Canal de conteúdo infantil e adolescente;CANAL OFERTADO EM PACOTE;01/06/2017;ALTA DEFINIÇÃO;MTV NETWORKS LATIN AMERICA INC.;;Programadora Estrangeira;ESTADOS UNIDOS
NICKELODEON; 6209.30001 ;Canal de espaço qualificado;Canal de conteúdo infantil e adolescente;CANAL OFERTADO EM PACOTE;01/12/1996;PADRÃO;MTV NETWORKS LATIN AMERICA INC.;;Programadora Estrangeira;ESTADOS UNIDOS
NICKELODEON HD; 6209.30014 ;Canal de espaço qualificado;Canal de conteúdo infantil e adolescente;CANAL OFERTADO EM PACOTE;17/07/2015;ALTA DEFINIÇÃO;MTV NETWORKS LATIN AMERICA INC.;;Programadora Estrangeira;ESTADOS UNIDOS
NORDESTE FC 1 - HD; 44181.30002 ;Canal de programação comum;Canal de conteúdo esportivo;CANAL À LA CARTE;26/01/2021;ALTA DEFINIÇÃO;LIVEMODE SERVICOS DIGITAIS S.A.;29.037.988/0001-45;Programadora brasileira independente nos termos do art.17, §5º da Lei 12.485/2011;BRASIL
NORDESTE FC 1 - SD; 44181.30001 ;Canal de programação comum;Canal de conteúdo esportivo;CANAL À LA CARTE;26/01/2021;PADRÃO;LIVEMODE SERVICOS DIGITAIS S.A.;29.037.988/0001-45;Programadora brasileira independente nos termos do art.17, §5º da Lei 12.485/2011;BRASIL
NORDESTE FC 2 - HD; 44181.30004 ;Canal de programação comum;Canal de conteúdo esportivo;CANAL À LA CARTE;26/01/2021;ALTA DEFINIÇÃO;LIVEMODE SERVICOS DIGITAIS S.A.;29.037.988/0001-45;Programadora brasileira independente nos termos do art.17, §5º da Lei 12.485/2011;BRASIL
NORDESTE FC 2 - SD; 44181.30003 ;Canal de programação comum;Canal de conteúdo esportivo;CANAL À LA CARTE;26/01/2021;PADRÃO;LIVEMODE SERVICOS DIGITAIS S.A.;29.037.988/0001-45;Programadora brasileira independente nos termos do art.17, §5º da Lei 12.485/2011;BRASIL
NORDESTE FC 3 - HD; 44181.30006 ;Canal de programação comum;Canal de conteúdo esportivo;CANAL À LA CARTE;26/02/2021;ALTA DEFINIÇÃO;LIVEMODE SERVICOS DIGITAIS S.A.;29.037.988/0001-45;Programadora brasileira independente nos termos do art.17, §5º da Lei 12.485/2011;BRASIL
NORDESTE FC 3 - SD; 44181.30005 ;Canal de programação comum;Canal de conteúdo esportivo;CANAL À LA CARTE;26/02/2021;PADRÃO;LIVEMODE SERVICOS DIGITAIS S.A.;29.037.988/0001-45;Programadora brasileira independente nos termos do art.17, §5º da Lei 12.485/2011;BRASIL
NORDESTE FC 4 - HD; 44181.30008 ;Canal de programação comum;Canal de conteúdo esportivo;CANAL À LA CARTE;10/04/2021;ALTA DEFINIÇÃO;LIVEMODE SERVICOS DIGITAIS S.A.;29.037.988/0001-45;Programadora brasileira independente nos termos do art.17, §5º da Lei 12.485/2011;BRASIL
NORDESTE FC 4 - SD; 44181.30007 ;Canal de programação comum;Canal de conteúdo esportivo;CANAL À LA CARTE;10/04/2021;PADRÃO;LIVEMODE SERVICOS DIGITAIS S.A.;29.037.988/0001-45;Programadora brasileira independente nos termos do art.17, §5º da Lei 12.485/2011;BRASIL
NORDESTE FC 5 - HD; 44181.30010 ;Canal de programação comum;Canal de conteúdo esportivo;CANAL À LA CARTE;10/04/2021;ALTA DEFINIÇÃO;LIVEMODE SERVICOS DIGITAIS S.A.;29.037.988/0001-45;Programadora brasileira independente nos termos do art.17, §5º da Lei 12.485/2011;BRASIL
NORDESTE FC 5 - SD; 44181.30009 ;Canal de programação comum;Canal de conteúdo esportivo;CANAL À LA CARTE;10/04/2021;PADRÃO;LIVEMODE SERVICOS DIGITAIS S.A.;29.037.988/0001-45;Programadora brasileira independente nos termos do art.17, §5º da Lei 12.485/2011;BRASIL
NORDESTE FC 6 - HD; 44181.30012 ;Canal de programação comum;Canal de conteúdo esportivo;CANAL À LA CARTE;10/04/2021;ALTA DEFINIÇÃO;LIVEMODE SERVICOS DIGITAIS S.A.;29.037.988/0001-45;Programadora brasileira independente nos termos do art.17, §5º da Lei 12.485/2011;BRASIL
NORDESTE FC 6 - SD; 44181.30011 ;Canal de programação comum;Canal de conteúdo esportivo;CANAL À LA CARTE;10/04/2021;PADRÃO;LIVEMODE SERVICOS DIGITAIS S.A.;29.037.988/0001-45;Programadora brasileira independente nos termos do art.17, §5º da Lei 12.485/2011;BRASIL
NORDESTE FC 7 - HD; 44181.30014 ;Canal de programação comum;Canal de conteúdo esportivo;CANAL À LA CARTE;10/04/2021;ALTA DEFINIÇÃO;LIVEMODE SERVICOS DIGITAIS S.A.;29.037.988/0001-45;Programadora brasileira independente nos termos do art.17, §5º da Lei 12.485/2011;BRASIL
NORDESTE FC 7 - SD; 44181.30013 ;Canal de programação comum;Canal de conteúdo esportivo;CANAL À LA CARTE;10/04/2021;PADRÃO;LIVEMODE SERVICOS DIGITAIS S.A.;29.037.988/0001-45;Programadora brasileira independente nos termos do art.17, §5º da Lei 12.485/2011;BRASIL
NOSSA TV HD; 42149.30002 ;Canal de programação comum;Canal de conteúdo em geral;CANAL OFERTADO EM PACOTE;07/05/2019;ALTA DEFINIÇÃO;COMUNICACAO MOSSOROENSE LTDA;08.626.106/0001-07;;BRASIL
NOSSA TV SD; 42149.30001 ;Canal de programação comum;Canal de conteúdo em geral;CANAL OFERTADO EM PACOTE;07/05/2019;PADRÃO;COMUNICACAO MOSSOROENSE LTDA;08.626.106/0001-07;;BRASIL
NOSSO FUTEBOL HD; 52458.30001 ;Canal de programação comum;Canal de conteúdo esportivo;CANAL OFERTADO EM PACOTE, CANAL À LA CARTE, PAY-PER-VIEW;19/05/2023;ALTA DEFINIÇÃO;TRINTA CONSULTORIA EM ESPORTES LTDA;41.817.089/0001-60;Programadora brasileira independente nos termos do art.17, §5º da Lei 12.485/2011;BRASIL
NOSSO FUTEBOL SD; 52458.30002 ;Canal de programação comum;Canal de conteúdo esportivo;CANAL OFERTADO EM PACOTE, CANAL À LA CARTE, PAY-PER-VIEW;19/05/2023;PADRÃO;TRINTA CONSULTORIA EM ESPORTES LTDA;41.817.089/0001-60;Programadora brasileira independente nos termos do art.17, §5º da Lei 12.485/2011;BRASIL
NOVA TV; 31188.30001 ;Canal de programação comum;Canal de conteúdo em geral;CANAL OFERTADO EM PACOTE;31/08/2016;ALTA DEFINIÇÃO;NOVIDADE TV LTDA ME;13.321.125/0001-65;Programadora brasileira independente nos termos do art.17, §5º da Lei 12.485/2011;BRASIL
O CANAL DO CARRO; 24874.30001 ;Canal de programação comum;Canal de televenda ou infomercial;CANAL OFERTADO EM PACOTE;01/12/2012;PADRÃO;SUPER CDMD COMÉRCIO DE VEÍCULOS AUTOMOTORES LTDA;07.950.180/0001-11;;BRASIL
OFF; 4727.30121 ;Canal brasileiro de espaço qualificado;Canal de conteúdo em geral;CANAL OFERTADO EM PACOTE;01/01/2020;ALTA DEFINIÇÃO;GLOBO COMUNICACAO E PARTICIPACOES S/A;27.865.757/0001-02;Programadora brasileira independente;BRASIL
OFF (EM SD); 4727.30015 ;Canal brasileiro de espaço qualificado;Canal de conteúdo em geral;CANAL OFERTADO EM PACOTE;01/01/2020;PADRÃO;GLOBO COMUNICACAO E PARTICIPACOES S/A;27.865.757/0001-02;Programadora brasileira independente;BRASIL
OLATV; 36945.30001 ;Canal de programação comum;Canal de conteúdo em geral;CANAL OFERTADO EM PACOTE;01/11/2017;PADRÃO;CARLOS ALBERTO FREITAS MORENO DAS NEVES;13.934.762/0001-07;Programadora brasileira independente nos termos do art.17, §5º da Lei 12.485/2011;BRASIL
ÓTV; 21946.30001 ;Canal de programação comum;Canal de conteúdo em geral;CANAL OFERTADO EM PACOTE, CANAL À LA CARTE;19/04/2011;PADRÃO;RPC MIDIA LTDA;09.517.512/0001-02;Programadora brasileira independente;BRASIL
PARAMOUNT NETWORKS; 6209.30012 ;Canal de espaço qualificado;Canal de conteúdo em geral;CANAL OFERTADO EM PACOTE;14/11/2014;PADRÃO;MTV NETWORKS LATIN AMERICA INC.;;Programadora Estrangeira;ESTADOS UNIDOS
PARAMOUNT NETWORKS HD; 6209.30013 ;Canal de espaço qualificado;Canal de conteúdo em geral;CANAL OFERTADO EM PACOTE;14/11/2014;ALTA DEFINIÇÃO;MTV NETWORKS LATIN AMERICA INC.;;Programadora Estrangeira;ESTADOS UNIDOS
PLAYBOY HD; 13263.30007 ;Canal de programação comum;Canal de conteúdo erótico;CANAL À LA CARTE, PAY-PER-VIEW;28/04/2017;ALTA DEFINIÇÃO;PB BRASIL ENTRETENIMENTO S/A;08.844.841/0001-97;Programadora brasileira de capital estrangeiro;BRASIL
PLAYBOY TV; 13263.30003 ;Canal de programação comum;Canal de conteúdo erótico;CANAL À LA CARTE, PAY-PER-VIEW;04/07/2007;PADRÃO;PB BRASIL ENTRETENIMENTO S/A;08.844.841/0001-97;Programadora brasileira de capital estrangeiro;BRASIL
PLAYTV; 4931.30001 ;Canal brasileiro de espaço qualificado;Canal de conteúdo em geral;CANAL OFERTADO EM PACOTE;21/10/2008;PADRÃO;PLAYTV TELEVISÃO LTDA;07.121.705/0001-06;Programadora brasileira independente nos termos do art.17, §5º da Lei 12.485/2011;BRASIL
PLAYTV HD; 4931.30002 ;Canal brasileiro de espaço qualificado;Canal de conteúdo em geral;CANAL OFERTADO EM PACOTE;20/06/2023;ALTA DEFINIÇÃO;PLAYTV TELEVISÃO LTDA;07.121.705/0001-06;Programadora brasileira independente nos termos do art.17, §5º da Lei 12.485/2011;BRASIL
POLISHOPTV 1; 3190.30004 ;Canal de programação comum;Canal de televenda ou infomercial;CANAL OFERTADO EM PACOTE;01/08/2021;PADRÃO;POLIMPORT - COMERCIO E EXPORTACAO LTDA;00.436.042/0047-52;;BRASIL
POLISHOPTV 2; 3190.30001 ;Canal de programação comum;Canal de televenda ou infomercial;CANAL OFERTADO EM PACOTE;30/05/2008;PADRÃO;POLIMPORT - COMERCIO E EXPORTACAO LTDA;00.436.042/0047-52;;BRASIL
PREMIERE CLUBES; 4727.30011 ;Canal de programação comum;Canal de conteúdo esportivo;CANAL OFERTADO EM PACOTE, CANAL À LA CARTE, PAY-PER-VIEW;01/01/2020;PADRÃO;GLOBO COMUNICACAO E PARTICIPACOES S/A;27.865.757/0001-02;Programadora brasileira independente;BRASIL
PREMIERE CLUBES HD; 4727.30013 ;Canal de programação comum;Canal de conteúdo esportivo;CANAL OFERTADO EM PACOTE, CANAL À LA CARTE, PAY-PER-VIEW;01/01/2020;ALTA DEFINIÇÃO;GLOBO COMUNICACAO E PARTICIPACOES S/A;27.865.757/0001-02;Programadora brasileira independente;BRASIL
PREMIERE 10; 4727.30116 ;Canal de programação comum;Canal de conteúdo esportivo;CANAL OFERTADO EM PACOTE, CANAL À LA CARTE, PAY-PER-VIEW;01/01/2020;PADRÃO;GLOBO COMUNICACAO E PARTICIPACOES S/A;27.865.757/0001-02;Programadora brasileira independente;BRASIL
PREMIERE 11; 4727.30117 ;Canal de programação comum;Canal de conteúdo esportivo;CANAL OFERTADO EM PACOTE, CANAL À LA CARTE, PAY-PER-VIEW;01/01/2020;PADRÃO;GLOBO COMUNICACAO E PARTICIPACOES S/A;27.865.757/0001-02;Programadora brasileira independente;BRASIL
PREMIERE 12; 4727.30118 ;Canal de programação comum;Canal de conteúdo esportivo;CANAL OFERTADO EM PACOTE, CANAL À LA CARTE, PAY-PER-VIEW;01/01/2020;PADRÃO;GLOBO COMUNICACAO E PARTICIPACOES S/A;27.865.757/0001-02;Programadora brasileira independente;BRASIL
PREMIERE 2; 4727.30101 ;Canal de programação comum;Canal de conteúdo esportivo;CANAL OFERTADO EM PACOTE, CANAL À LA CARTE, PAY-PER-VIEW;01/01/2020;PADRÃO;GLOBO COMUNICACAO E PARTICIPACOES S/A;27.865.757/0001-02;Programadora brasileira independente;BRASIL
PREMIERE 2 HD; 4727.30102 ;Canal de programação comum;Canal de conteúdo esportivo;CANAL OFERTADO EM PACOTE, CANAL À LA CARTE, PAY-PER-VIEW;01/01/2020;ALTA DEFINIÇÃO;GLOBO COMUNICACAO E PARTICIPACOES S/A;27.865.757/0001-02;Programadora brasileira independente;BRASIL
PREMIERE 3; 4727.30103 ;Canal de programação comum;Canal de conteúdo esportivo;CANAL OFERTADO EM PACOTE, CANAL À LA CARTE, PAY-PER-VIEW;01/01/2020;PADRÃO;GLOBO COMUNICACAO E PARTICIPACOES S/A;27.865.757/0001-02;Programadora brasileira independente;BRASIL
PREMIERE 3 HD; 4727.30104 ;Canal de programação comum;Canal de conteúdo esportivo;CANAL OFERTADO EM PACOTE, CANAL À LA CARTE, PAY-PER-VIEW;01/01/2020;ALTA DEFINIÇÃO;GLOBO COMUNICACAO E PARTICIPACOES S/A;27.865.757/0001-02;Programadora brasileira independente;BRASIL
PREMIERE 4; 4727.30105 ;Canal de programação comum;Canal de conteúdo esportivo;CANAL OFERTADO EM PACOTE, CANAL À LA CARTE, PAY-PER-VIEW;01/01/2020;PADRÃO;GLOBO COMUNICACAO E PARTICIPACOES S/A;27.865.757/0001-02;Programadora brasileira independente;BRASIL
PREMIERE 4 HD; 4727.30106 ;Canal de programação comum;Canal de conteúdo esportivo;CANAL OFERTADO EM PACOTE, CANAL À LA CARTE, PAY-PER-VIEW;01/01/2020;ALTA DEFINIÇÃO;GLOBO COMUNICACAO E PARTICIPACOES S/A;27.865.757/0001-02;Programadora brasileira independente;BRASIL
PREMIERE 5; 4727.30107 ;Canal de programação comum;Canal de conteúdo esportivo;CANAL OFERTADO EM PACOTE, CANAL À LA CARTE, PAY-PER-VIEW;01/01/2020;PADRÃO;GLOBO COMUNICACAO E PARTICIPACOES S/A;27.865.757/0001-02;Programadora brasileira independente;BRASIL
PREMIERE 5 HD; 4727.30108 ;Canal de programação comum;Canal de conteúdo esportivo;CANAL OFERTADO EM PACOTE, CANAL À LA CARTE, PAY-PER-VIEW;01/01/2020;ALTA DEFINIÇÃO;GLOBO COMUNICACAO E PARTICIPACOES S/A;27.865.757/0001-02;Programadora brasileira independente;BRASIL
PREMIERE 6; 4727.30109 ;Canal de programação comum;Canal de conteúdo esportivo;CANAL OFERTADO EM PACOTE, CANAL À LA CARTE, PAY-PER-VIEW;01/01/2020;PADRÃO;GLOBO COMUNICACAO E PARTICIPACOES S/A;27.865.757/0001-02;Programadora brasileira independente;BRASIL
PREMIERE 6 HD; 4727.30110 ;Canal de programação comum;Canal de conteúdo esportivo;CANAL OFERTADO EM PACOTE, CANAL À LA CARTE, PAY-PER-VIEW;01/01/2020;ALTA DEFINIÇÃO;GLOBO COMUNICACAO E PARTICIPACOES S/A;27.865.757/0001-02;Programadora brasileira independente;BRASIL
PREMIERE 7; 4727.30111 ;Canal de programação comum;Canal de conteúdo esportivo;CANAL OFERTADO EM PACOTE, CANAL À LA CARTE, PAY-PER-VIEW;01/01/2020;PADRÃO;GLOBO COMUNICACAO E PARTICIPACOES S/A;27.865.757/0001-02;Programadora brasileira independente;BRASIL
PREMIERE 7 HD; 4727.30112 ;Canal de programação comum;Canal de conteúdo esportivo;CANAL OFERTADO EM PACOTE, CANAL À LA CARTE, PAY-PER-VIEW;01/01/2020;ALTA DEFINIÇÃO;GLOBO COMUNICACAO E PARTICIPACOES S/A;27.865.757/0001-02;Programadora brasileira independente;BRASIL
PREMIERE 8; 4727.30113 ;Canal de programação comum;Canal de conteúdo esportivo;CANAL OFERTADO EM PACOTE, CANAL À LA CARTE, PAY-PER-VIEW;01/01/2020;PADRÃO;GLOBO COMUNICACAO E PARTICIPACOES S/A;27.865.757/0001-02;Programadora brasileira independente;BRASIL
PREMIERE 8 HD; 4727.30114 ;Canal de programação comum;Canal de conteúdo esportivo;CANAL OFERTADO EM PACOTE, CANAL À LA CARTE, PAY-PER-VIEW;01/01/2020;ALTA DEFINIÇÃO;GLOBO COMUNICACAO E PARTICIPACOES S/A;27.865.757/0001-02;Programadora brasileira independente;BRASIL
PREMIERE 9; 4727.30115 ;Canal de programação comum;Canal de conteúdo esportivo;CANAL OFERTADO EM PACOTE, CANAL À LA CARTE, PAY-PER-VIEW;01/01/2020;PADRÃO;GLOBO COMUNICACAO E PARTICIPACOES S/A;27.865.757/0001-02;Programadora brasileira independente;BRASIL
PRIME BOX BRAZIL; 4744.30001 ;Canal brasileiro de espaço qualificado nos termos do art. 17, §5º da lei 12.485/2011;Canal de conteúdo em geral;CANAL OFERTADO EM PACOTE;05/09/2011;PADRÃO;PBI - PROGRAMADORA BRASILEIRA INDEPENDENTE S.A;07.254.174/0001-20;Programadora brasileira independente nos termos do art.17, §5º da Lei 12.485/2011;BRASIL
PRIME BOX BRAZIL HD; 4744.30002 ;Canal brasileiro de espaço qualificado nos termos do art. 17, §5º da lei 12.485/2011;Canal de conteúdo em geral;CANAL OFERTADO EM PACOTE;05/09/2011;ALTA DEFINIÇÃO;PBI - PROGRAMADORA BRASILEIRA INDEPENDENTE S.A;07.254.174/0001-20;Programadora brasileira independente nos termos do art.17, §5º da Lei 12.485/2011;BRASIL
RAIO TV; 47469.30001 ;Canal de programação comum;Canal de conteúdo em geral;CANAL OFERTADO EM PACOTE;20/12/2020;ALTA DEFINIÇÃO;RAIO SISTEMA DE RADIODIFUSAO EIRELI;25.465.239/0001-68;Programadora brasileira independente nos termos do art.17, §5º da Lei 12.485/2011;BRASIL
RDC TV - REDE DIGITAL DE COMUNICAÇÃO; 42572.30001 ;Canal de programação comum;Canal de conteúdo em geral;CANAL OFERTADO EM PACOTE;02/07/2018;PADRÃO;RDCTV REDE DIGITAL DE COMUNICAÇÃO LTDA;30.455.192/0001-91;Programadora brasileira independente nos termos do art.17, §5º da Lei 12.485/2011;BRASIL
REAL TV HD; 47057.30003 ;Canal de espaço qualificado;Canal de conteúdo em geral;CANAL OFERTADO EM PACOTE;01/08/2023;ALTA DEFINIÇÃO;STENNA INTERNATIONAL LLC;;Programadora Estrangeira;ESTADOS UNIDOS
REDE SUPER DE TELEVISÃO; 30280.30001 ;Canal de programação comum;Canal de conteúdo em geral;CANAL OFERTADO EM PACOTE;17/01/2000;PADRÃO;CANAL 23 LTDA;03.602.062/0001-61;;BRASIL
REDE VERBO TV; 49414.30001 ;Canal de programação comum;Canal de conteúdo religioso;CANAL OFERTADO EM PACOTE;15/11/2021;PADRÃO;REDE VERBO TV LTDA;42.920.854/0001-36;Programadora brasileira independente nos termos do art.17, §5º da Lei 12.485/2011;BRASIL
REGIONAL TV; 40400.30001 ;Canal de programação comum;Canal de conteúdo em geral;CANAL OFERTADO EM PACOTE;18/04/2019;ALTA DEFINIÇÃO;REGIONAL TV LTDA;30.778.571/0001-12;Programadora brasileira independente nos termos do art.17, §5º da Lei 12.485/2011;BRASIL
RSTV; 14526.30001 ;Canal de programação comum;Canal de conteúdo em geral;CANAL OFERTADO EM PACOTE;05/05/2006;PADRÃO;VALE EUROPEU TV LTDA;08.057.453/0001-66;Programadora brasileira independente;BRASIL
SABOR & ARTE; 42455.30002 ;Canal de espaço qualificado;Canal de conteúdo em geral;CANAL OFERTADO EM PACOTE;15/06/2021;ALTA DEFINIÇÃO;ASTARTE PRODUTORA LTDA.;26.674.863/0001-38;Programadora brasileira independente;BRASIL
SERTÃO TV; 43509.30001 ;Canal de programação comum;Canal de conteúdo em geral;CANAL OFERTADO EM PACOTE;31/01/2020;PADRÃO;SÉRGIO EDUARDO HOLANDA MACHADO ME;00.352.638/0001-91;Programadora brasileira independente nos termos do art.17, §5º da Lei 12.485/2011;BRASIL
SESCTV; 2295.30001 ;Canal de programação comum;Canal de conteúdo em geral;CANAL OFERTADO EM PACOTE;02/05/2006;PADRÃO;SERVICO SOCIAL DO COMERCIO - SESC - ADMINISTRACAO REGIONAL NO ESTADO DE SAO PAULO;03.667.884/0001-20;;BRASIL
SEXPRIVÊ; 3293.30009 ;Canal de programação comum;Canal de conteúdo erótico;CANAL OFERTADO EM PACOTE;01/03/2009;PADRÃO;NEWCO PROGRAMADORA E PRODUTORA DE COMUNICACAO LTDA.;04.334.366/0001-58;Programadora brasileira;BRASIL
SEXTREME; 13263.30006 ;Canal de programação comum;Canal de conteúdo erótico;CANAL À LA CARTE, PAY-PER-VIEW;27/08/2011;PADRÃO;PB BRASIL ENTRETENIMENTO S/A;08.844.841/0001-97;Programadora brasileira de capital estrangeiro;BRASIL
SEXY HOT; 13263.30002 ;Canal de programação comum;Canal de conteúdo erótico;CANAL À LA CARTE, PAY-PER-VIEW;04/07/2007;PADRÃO;PB BRASIL ENTRETENIMENTO S/A;08.844.841/0001-97;Programadora brasileira de capital estrangeiro;BRASIL
SONY ENTERTAINMENT TELEVISION HD; 22335.30002 ;Canal de espaço qualificado;Canal de conteúdo em geral;CANAL OFERTADO EM PACOTE;01/09/1995;ALTA DEFINIÇÃO;SET BRAZIL, LLC;;Programadora Estrangeira;ESTADOS UNIDOS
SONY ENTERTEINMENT TELEVISION; 22335.30001 ;Canal de espaço qualificado;Canal de conteúdo em geral;CANAL OFERTADO EM PACOTE;01/09/1995;PADRÃO;SET BRAZIL, LLC;;Programadora Estrangeira;ESTADOS UNIDOS
SONY MOVIES HD; 22335.30007 ;Canal de espaço qualificado;Canal de conteúdo em geral;CANAL OFERTADO EM PACOTE;27/07/2022;ALTA DEFINIÇÃO;SET BRAZIL, LLC;;Programadora Estrangeira;ESTADOS UNIDOS
SONY MOVIES SD; 22335.30006 ;Canal de espaço qualificado;Canal de conteúdo em geral;CANAL OFERTADO EM PACOTE;27/07/2022;PADRÃO;SET BRAZIL, LLC;;Programadora Estrangeira;ESTADOS UNIDOS
SPACE; 40403.30004 ;Canal de espaço qualificado;Canal de conteúdo em geral;CANAL OFERTADO EM PACOTE;01/07/2008;PADRÃO;TURNER INTERNATIONAL LATIN AMERICA, INC;05.583.971/0001-25;Programadora Estrangeira;ESTADOS UNIDOS
SPACE HD; 40403.30013 ;Canal de espaço qualificado;Canal de conteúdo em geral;CANAL OFERTADO EM PACOTE;01/04/2009;ALTA DEFINIÇÃO;TURNER INTERNATIONAL LATIN AMERICA, INC;05.583.971/0001-25;Programadora Estrangeira;ESTADOS UNIDOS
SPORTV; 4727.30007 ;Canal de programação comum;Canal de conteúdo esportivo;CANAL OFERTADO EM PACOTE;01/01/2020;PADRÃO;GLOBO COMUNICACAO E PARTICIPACOES S/A;27.865.757/0001-02;Programadora brasileira independente;BRASIL
SPORTV HD; 4727.30019 ;Canal de programação comum;Canal de conteúdo esportivo;CANAL OFERTADO EM PACOTE;01/01/2020;ALTA DEFINIÇÃO;GLOBO COMUNICACAO E PARTICIPACOES S/A;27.865.757/0001-02;Programadora brasileira independente;BRASIL
SPORTV 2; 4727.30008 ;Canal de programação comum;Canal de conteúdo esportivo;CANAL OFERTADO EM PACOTE;01/01/2020;PADRÃO;GLOBO COMUNICACAO E PARTICIPACOES S/A;27.865.757/0001-02;Programadora brasileira independente;BRASIL
SPORTV 2 HD; 4727.30020 ;Canal de programação comum;Canal de conteúdo esportivo;CANAL OFERTADO EM PACOTE;01/01/2020;ALTA DEFINIÇÃO;GLOBO COMUNICACAO E PARTICIPACOES S/A;27.865.757/0001-02;Programadora brasileira independente;BRASIL
SPORTV 3; 4727.30009 ;Canal de programação comum;Canal de conteúdo esportivo;CANAL OFERTADO EM PACOTE;01/01/2020;PADRÃO;GLOBO COMUNICACAO E PARTICIPACOES S/A;27.865.757/0001-02;Programadora brasileira independente;BRASIL
SPORTV 3 HD; 4727.30023 ;Canal de programação comum;Canal de conteúdo esportivo;CANAL OFERTADO EM PACOTE;01/01/2020;ALTA DEFINIÇÃO;GLOBO COMUNICACAO E PARTICIPACOES S/A;27.865.757/0001-02;Programadora brasileira independente;BRASIL
SPORTV 4; 4727.30024 ;Canal de programação comum;Canal de conteúdo esportivo;CANAL OFERTADO EM PACOTE;01/01/2020;PADRÃO;GLOBO COMUNICACAO E PARTICIPACOES S/A;27.865.757/0001-02;Programadora brasileira independente;BRASIL
SPORTV 4 HD; 4727.30025 ;Canal de programação comum;Canal de conteúdo esportivo;CANAL OFERTADO EM PACOTE;01/01/2020;ALTA DEFINIÇÃO;GLOBO COMUNICACAO E PARTICIPACOES S/A;27.865.757/0001-02;Programadora brasileira independente;BRASIL
SPORTV 4K; 4727.30094 ;Canal de programação comum;Canal de conteúdo esportivo;CANAL OFERTADO EM PACOTE;01/01/2020;ALTA DEFINIÇÃO;GLOBO COMUNICACAO E PARTICIPACOES S/A;27.865.757/0001-02;Programadora brasileira independente;BRASIL
SPORTV 5; 4727.30026 ;Canal de programação comum;Canal de conteúdo esportivo;CANAL OFERTADO EM PACOTE;01/01/2020;PADRÃO;GLOBO COMUNICACAO E PARTICIPACOES S/A;27.865.757/0001-02;Programadora brasileira independente;BRASIL
SPORTV 5 HD; 4727.30027 ;Canal de programação comum;Canal de conteúdo esportivo;CANAL OFERTADO EM PACOTE;01/01/2020;ALTA DEFINIÇÃO;GLOBO COMUNICACAO E PARTICIPACOES S/A;27.865.757/0001-02;Programadora brasileira independente;BRASIL
STAR CHANNEL; 6276.30003 ;Canal de espaço qualificado;Canal de conteúdo em geral;CANAL OFERTADO EM PACOTE;01/01/1993;PADRÃO;TFCF LATIN AMERICAN CHANNEL LLC;;Programadora Estrangeira;ESTADOS UNIDOS
STAR CHANNEL HD; 6276.30015 ;Canal de espaço qualificado;Canal de conteúdo em geral;CANAL OFERTADO EM PACOTE;02/06/2014;ALTA DEFINIÇÃO;TFCF LATIN AMERICAN CHANNEL LLC;;Programadora Estrangeira;ESTADOS UNIDOS
STUDIO UNIVERSAL; 44.30002 ;Canal de espaço qualificado;Canal de conteúdo em geral;CANAL OFERTADO EM PACOTE;11/05/2012;PADRÃO;NBCUNIVERSAL NETWORKS INTERNATIONAL BRASIL PROGRAMADORA S/A;01.253.766/0001-40;Programadora brasileira de capital estrangeiro;BRASIL
STUDIO UNIVERSAL HD; 44.30005 ;Canal de espaço qualificado;Canal de conteúdo em geral;CANAL OFERTADO EM PACOTE;15/04/2017;ALTA DEFINIÇÃO;NBCUNIVERSAL NETWORKS INTERNATIONAL BRASIL PROGRAMADORA S/A;01.253.766/0001-40;Programadora brasileira de capital estrangeiro;BRASIL
SUPER TV HD; 37964.30001 ;Canal de programação comum;Canal de conteúdo em geral;CANAL OFERTADO EM PACOTE, CANAL À LA CARTE;13/11/2017;ALTA DEFINIÇÃO;SUPER TV HD LTDA;28.842.875/0001-50;Programadora brasileira;BRASIL
SYFY; 44.30003 ;Canal de espaço qualificado;Canal de conteúdo em geral;CANAL OFERTADO EM PACOTE;11/05/2012;PADRÃO;NBCUNIVERSAL NETWORKS INTERNATIONAL BRASIL PROGRAMADORA S/A;01.253.766/0001-40;Programadora brasileira de capital estrangeiro;BRASIL
SYFY HD; 44.30006 ;Canal de espaço qualificado;Canal de conteúdo em geral;CANAL OFERTADO EM PACOTE;15/04/2017;ALTA DEFINIÇÃO;NBCUNIVERSAL NETWORKS INTERNATIONAL BRASIL PROGRAMADORA S/A;01.253.766/0001-40;Programadora brasileira de capital estrangeiro;BRASIL
TBS HD; 40403.30008 ;Canal de espaço qualificado;Canal de conteúdo em geral;CANAL OFERTADO EM PACOTE;16/01/2012;ALTA DEFINIÇÃO;TURNER INTERNATIONAL LATIN AMERICA, INC;05.583.971/0001-25;Programadora Estrangeira;ESTADOS UNIDOS
TBS SD; 40403.30012 ;Canal de espaço qualificado;Canal de conteúdo em geral;CANAL OFERTADO EM PACOTE;16/01/2012;PADRÃO;TURNER INTERNATIONAL LATIN AMERICA, INC;05.583.971/0001-25;Programadora Estrangeira;ESTADOS UNIDOS
TCM; 40403.30007 ;Canal de espaço qualificado;Canal de conteúdo em geral;CANAL OFERTADO EM PACOTE;01/01/2009;PADRÃO;TURNER INTERNATIONAL LATIN AMERICA, INC;05.583.971/0001-25;Programadora Estrangeira;ESTADOS UNIDOS
TELECINE ACTION; 39.30002 ;Canal de espaço qualificado;Canal de conteúdo em geral;CANAL OFERTADO EM PACOTE;01/10/2000;PADRÃO;TELECINE PROGRAMACAO DE FILMES LTDA;00.252.848/0001-08;Programadora brasileira de capital estrangeiro;BRASIL
TELECINE ACTION HD; 39.30009 ;Canal de espaço qualificado;Canal de conteúdo em geral;CANAL OFERTADO EM PACOTE;01/11/2010;ALTA DEFINIÇÃO;TELECINE PROGRAMACAO DE FILMES LTDA;00.252.848/0001-08;Programadora brasileira de capital estrangeiro;BRASIL
TELECINE CULT; 39.30006 ;Canal de espaço qualificado;Canal de conteúdo em geral;CANAL OFERTADO EM PACOTE;01/11/2005;PADRÃO;TELECINE PROGRAMACAO DE FILMES LTDA;00.252.848/0001-08;Programadora brasileira de capital estrangeiro;BRASIL
TELECINE CULT HD; 39.30014 ;Canal de espaço qualificado;Canal de conteúdo em geral;CANAL OFERTADO EM PACOTE;01/12/2012;ALTA DEFINIÇÃO;TELECINE PROGRAMACAO DE FILMES LTDA;00.252.848/0001-08;Programadora brasileira de capital estrangeiro;BRASIL
TELECINE FUN; 39.30004 ;Canal de espaço qualificado;Canal de conteúdo em geral;CANAL OFERTADO EM PACOTE;01/10/2010;PADRÃO;TELECINE PROGRAMACAO DE FILMES LTDA;00.252.848/0001-08;Programadora brasileira de capital estrangeiro;BRASIL
TELECINE FUN HD; 39.30010 ;Canal de espaço qualificado;Canal de conteúdo em geral;CANAL OFERTADO EM PACOTE;01/11/2011;ALTA DEFINIÇÃO;TELECINE PROGRAMACAO DE FILMES LTDA;00.252.848/0001-08;Programadora brasileira de capital estrangeiro;BRASIL
TELECINE PIPOCA; 39.30005 ;Canal de espaço qualificado;Canal de conteúdo em geral;CANAL OFERTADO EM PACOTE;01/10/2004;PADRÃO;TELECINE PROGRAMACAO DE FILMES LTDA;00.252.848/0001-08;Programadora brasileira de capital estrangeiro;BRASIL
TELECINE PIPOCA HD; 39.30008 ;Canal de espaço qualificado;Canal de conteúdo em geral;CANAL OFERTADO EM PACOTE;01/01/2010;ALTA DEFINIÇÃO;TELECINE PROGRAMACAO DE FILMES LTDA;00.252.848/0001-08;Programadora brasileira de capital estrangeiro;BRASIL
TELECINE PREMIUM; 39.30001 ;Canal de espaço qualificado;Canal de conteúdo em geral;CANAL OFERTADO EM PACOTE;01/10/2000;PADRÃO;TELECINE PROGRAMACAO DE FILMES LTDA;00.252.848/0001-08;Programadora brasileira de capital estrangeiro;BRASIL
TELECINE PREMIUM HD; 39.30007 ;Canal de espaço qualificado;Canal de conteúdo em geral;CANAL OFERTADO EM PACOTE;01/05/2009;ALTA DEFINIÇÃO;TELECINE PROGRAMACAO DE FILMES LTDA;00.252.848/0001-08;Programadora brasileira de capital estrangeiro;BRASIL
TELECINE TOUCH; 39.30003 ;Canal de espaço qualificado;Canal de conteúdo em geral;CANAL OFERTADO EM PACOTE;01/10/2010;PADRÃO;TELECINE PROGRAMACAO DE FILMES LTDA;00.252.848/0001-08;Programadora brasileira de capital estrangeiro;BRASIL
TELECINE TOUCH HD; 39.30011 ;Canal de espaço qualificado;Canal de conteúdo em geral;CANAL OFERTADO EM PACOTE;01/11/2011;ALTA DEFINIÇÃO;TELECINE PROGRAMACAO DE FILMES LTDA;00.252.848/0001-08;Programadora brasileira de capital estrangeiro;BRASIL
TERRA VIVA; 3293.30010 ;Canal de programação comum;Canal de televenda ou infomercial;CANAL OFERTADO EM PACOTE;27/06/2005;PADRÃO;NEWCO PROGRAMADORA E PRODUTORA DE COMUNICACAO LTDA.;04.334.366/0001-58;Programadora brasileira;BRASIL
THC - THE HISTORY CHANNEL; 22399.30001 ;Canal de espaço qualificado;Canal de conteúdo em geral;CANAL OFERTADO EM PACOTE;01/10/2001;PADRÃO;HISTORY CHANNEL BRAZIL DISTRIBUTION, LLC;;Programadora Estrangeira;ESTADOS UNIDOS
THC - THE HISTORY CHANNEL HD; 22399.30002 ;Canal de espaço qualificado;Canal de conteúdo em geral;CANAL OFERTADO EM PACOTE;01/12/2010;ALTA DEFINIÇÃO;HISTORY CHANNEL BRAZIL DISTRIBUTION, LLC;;Programadora Estrangeira;ESTADOS UNIDOS
THINK TV; 46371.30001 ;Canal de programação comum;Canal de televenda ou infomercial;CANAL OFERTADO EM PACOTE;01/10/2019;ALTA DEFINIÇÃO;RCBG LATSCH CANAL DE TELEVISAO LTDA;34.337.977/0001-10;Programadora brasileira;BRASIL
TLC; 26039.30010 ;Canal de espaço qualificado;Canal de conteúdo em geral;CANAL OFERTADO EM PACOTE;01/11/2011;PADRÃO;DISCOVERY NETWORKS, SL;;Programadora Estrangeira;ESPANHA
TLC HD; 26039.30017 ;Canal de espaço qualificado;Canal de conteúdo em geral;CANAL OFERTADO EM PACOTE;16/03/2015;ALTA DEFINIÇÃO;DISCOVERY NETWORKS, SL;;Programadora Estrangeira;ESPANHA
TNT; 40403.30003 ;Canal de espaço qualificado;Canal de conteúdo em geral;CANAL OFERTADO EM PACOTE;01/09/1999;PADRÃO;TURNER INTERNATIONAL LATIN AMERICA, INC;05.583.971/0001-25;Programadora Estrangeira;ESTADOS UNIDOS
TNT HD; 40403.30015 ;Canal de espaço qualificado;Canal de conteúdo em geral;CANAL OFERTADO EM PACOTE;01/04/2009;ALTA DEFINIÇÃO;TURNER INTERNATIONAL LATIN AMERICA, INC;05.583.971/0001-25;Programadora Estrangeira;ESTADOS UNIDOS
TNT SÉRIES HD; 40403.30018 ;Canal de espaço qualificado;Canal de conteúdo em geral;CANAL OFERTADO EM PACOTE;01/04/2015;ALTA DEFINIÇÃO;TURNER INTERNATIONAL LATIN AMERICA, INC;05.583.971/0001-25;Programadora Estrangeira;ESTADOS UNIDOS
TNT SÉRIES SD; 40403.30017 ;Canal de espaço qualificado;Canal de conteúdo em geral;CANAL OFERTADO EM PACOTE;01/04/2015;PADRÃO;TURNER INTERNATIONAL LATIN AMERICA, INC;05.583.971/0001-25;Programadora Estrangeira;ESTADOS UNIDOS
TOONCAST; 40403.30010 ;Canal de espaço qualificado;Canal de conteúdo infantil e adolescente;CANAL OFERTADO EM PACOTE;01/12/2008;PADRÃO;TURNER INTERNATIONAL LATIN AMERICA, INC;05.583.971/0001-25;Programadora Estrangeira;ESTADOS UNIDOS
TRACE BRAZUCA; 45497.30001 ;Canal de espaço qualificado;Canal de conteúdo videomusical;CANAL OFERTADO EM PACOTE;25/07/2020;ALTA DEFINIÇÃO;TRACE GLOBAL;35.421.267/0001-37;Programadora Estrangeira;FRANÇA
TRADE TV; 51885.30001 ;Canal de programação comum;Canal de televenda ou infomercial;CANAL OFERTADO EM PACOTE;05/06/2022;ALTA DEFINIÇÃO;TRADE TV LTDA;46.174.704/0001-81;Programadora brasileira independente nos termos do art.17, §5º da Lei 12.485/2011;BRASIL
TRAVEL BOX BRAZIL; 4744.30005 ;Canal brasileiro de espaço qualificado;Canal de conteúdo em geral;CANAL OFERTADO EM PACOTE;20/08/2012;PADRÃO;PBI - PROGRAMADORA BRASILEIRA INDEPENDENTE S.A;07.254.174/0001-20;Programadora brasileira independente nos termos do art.17, §5º da Lei 12.485/2011;BRASIL
TRAVEL BOX BRAZIL HD; 4744.30006 ;Canal brasileiro de espaço qualificado;Canal de conteúdo em geral;CANAL OFERTADO EM PACOTE;01/07/2015;ALTA DEFINIÇÃO;PBI - PROGRAMADORA BRASILEIRA INDEPENDENTE S.A;07.254.174/0001-20;Programadora brasileira independente nos termos do art.17, §5º da Lei 12.485/2011;BRASIL
TRIP BRASIL; 16559.30001 ;Canal brasileiro de espaço qualificado;Canal de conteúdo em geral;CANAL OFERTADO EM PACOTE;01/03/2020;ALTA DEFINIÇÃO;DIGITAL BRASIL TV SOLUÇÕES MULTIMIDIAS LTDA.;09.622.474/0001-40;Programadora brasileira independente nos termos do art.17, §5º da Lei 12.485/2011;BRASIL
TRU TV HD; 40403.30014 ;Canal de espaço qualificado;Canal de conteúdo em geral;CANAL OFERTADO EM PACOTE;01/07/2010;ALTA DEFINIÇÃO;TURNER INTERNATIONAL LATIN AMERICA, INC;05.583.971/0001-25;Programadora Estrangeira;ESTADOS UNIDOS
TRU TV SD; 40403.30009 ;Canal de espaço qualificado;Canal de conteúdo em geral;CANAL OFERTADO EM PACOTE;01/04/2009;PADRÃO;TURNER INTERNATIONAL LATIN AMERICA, INC;05.583.971/0001-25;Programadora Estrangeira;ESTADOS UNIDOS
TV AMBIENTAL; 50505.30001 ;Canal de programação comum;Canal de conteúdo jornalístico;CANAL OFERTADO EM PACOTE;08/04/2019;ALTA DEFINIÇÃO;AVL PRODUÇÕES LTDA;27.329.556/0001-82;Programadora brasileira independente nos termos do art.17, §5º da Lei 12.485/2011;BRASIL
TV AVIVANDO NAÇÕES; 49360.30001 ;Canal de programação comum;Canal de conteúdo religioso;CANAL OFERTADO EM PACOTE;04/06/2021;ALTA DEFINIÇÃO;MARCIA MORGANA BEZERRA DA SILVA LUCIANO;42.220.755/0001-41;Programadora brasileira independente nos termos do art.17, §5º da Lei 12.485/2011;BRASIL
TV BRUSQUE; 46126.30001 ;Canal de programação comum;Canal de conteúdo em geral;CANAL OFERTADO EM PACOTE;10/06/2002;PADRÃO;EMPRESA BRUSQUENSE DE COMUNICAÇÃO LTDA.;05.124.438/0001-03;Programadora brasileira independente nos termos do art.17, §5º da Lei 12.485/2011;BRASIL
TV CARIRI; 40970.30001 ;Canal de programação comum;Canal de conteúdo em geral;CANAL OFERTADO EM PACOTE;22/08/2019;ALTA DEFINIÇÃO;L. SOARES MARTINS;20.123.556/0001-82;Programadora brasileira independente nos termos do art.17, §5º da Lei 12.485/2011;BRASIL
TV CENTRO SUL; 44473.30001 ;Canal de programação comum;Canal de conteúdo em geral;CANAL OFERTADO EM PACOTE;03/05/2019;ALTA DEFINIÇÃO;SISTEMA VOZ CENTRO SUL LTDA;31.248.895/0001-01;Programadora brasileira independente nos termos do art.17, §5º da Lei 12.485/2011;BRASIL
TV CIDADE CANAL 9 - TERESÓPOLIS; 14091.30001 ;Canal de programação comum;Canal de conteúdo em geral;CANAL OFERTADO EM PACOTE;07/09/2002;PADRÃO;RGS PUBLICIDADE EIRELI;30.918.049/0001-99;Programadora brasileira independente nos termos do art.17, §5º da Lei 12.485/2011;BRASIL
TV CIDADE OESTE; 38723.30001 ;Canal de programação comum;Canal de conteúdo em geral;CANAL OFERTADO EM PACOTE, CANAL À LA CARTE;01/02/2018;PADRÃO;LEMBRANÇA WEB RÁDIO E TV LTDA.-ME;11.244.074/0001-90;Programadora brasileira independente nos termos do art.17, §5º da Lei 12.485/2011;BRASIL
TV CLIMATEMPO; 12362.30001 ;Canal brasileiro de espaço qualificado;Canal de conteúdo em geral;CANAL OFERTADO EM PACOTE;10/08/1999;PADRÃO;TV METEOROLÓGICA LTDA;03.595.286/0001-93;Programadora brasileira independente nos termos do art.17, §5º da Lei 12.485/2011;BRASIL
TV DIÁRIO DO SERTÃO; 39903.30001 ;Canal de programação comum;Canal de conteúdo jornalístico;CANAL OFERTADO EM PACOTE;01/08/2018;PADRÃO;SISTEMA DE COMUNICACAO DIARIO LTDA;11.694.678/0001-38;Programadora brasileira independente nos termos do art.17, §5º da Lei 12.485/2011;BRASIL
TV ERECHIM; 17382.30001 ;Canal de programação comum;Canal de conteúdo em geral;CANAL OFERTADO EM PACOTE, CANAL À LA CARTE;04/08/2008;PADRÃO;LD PRODUÇÕES PUBLICITARIAS LTDA;10.335.427/0001-02;Programadora brasileira independente nos termos do art.17, §5º da Lei 12.485/2011;BRASIL
TV GAZETA RN; 26981.30001 ;Canal de programação comum;Canal de conteúdo em geral;CANAL OFERTADO EM PACOTE;10/08/2015;PADRÃO;TELEVISÃO RIO GRANDE DO NORTE EIRELI;19.924.934/0001-48;;BRASIL
TV GUIA LOCAL; 17050.30001 ;Canal de programação comum;Canal de televenda ou infomercial;CANAL OFERTADO EM PACOTE;01/01/2007;PADRÃO;V.B. MOTER PRODUÇÕES DE VIDEO;07.031.220/0001-21;Programadora brasileira independente nos termos do art.17, §5º da Lei 12.485/2011;BRASIL
TV JAGUÁ NEWS; 52855.30001 ;Canal de programação comum;Canal de conteúdo em geral;CANAL OFERTADO EM PACOTE;18/01/2023;ALTA DEFINIÇÃO;SM BRASIL DE COMUNICACAO LTDA;29.284.918/0001-91;Programadora brasileira independente nos termos do art.17, §5º da Lei 12.485/2011;BRASIL
TV JAGUAR; 49484.30001 ;Canal de programação comum;Canal de conteúdo em geral;CANAL OFERTADO EM PACOTE;20/09/2021;ALTA DEFINIÇÃO;R. LOPES DA COSTA AMARAL;10.489.198/0001-72;Programadora brasileira independente nos termos do art.17, §5º da Lei 12.485/2011;BRASIL
TV KURTIÇÃO; 38917.30001 ;Canal de programação comum;Canal de conteúdo em geral;CANAL OFERTADO EM PACOTE;14/08/2019;ALTA DEFINIÇÃO;QUEIROGA & MEDEIROS LTDA - ME;07.651.720/0001-66;Programadora brasileira independente nos termos do art.17, §5º da Lei 12.485/2011;BRASIL
TV METROPOLITANO; 24033.30001 ;Canal de programação comum;Canal de conteúdo em geral;CANAL OFERTADO EM PACOTE;01/06/2013;PADRÃO;TELEVISÃO METROPOLITANO EIRELI;17.845.847/0001-70;Programadora brasileira independente nos termos do art.17, §5º da Lei 12.485/2011;BRASIL
TV NORDESTINA; 44577.30001 ;Canal de programação comum;Canal de conteúdo em geral;CANAL OFERTADO EM PACOTE;01/12/2019;ALTA DEFINIÇÃO;JOSE ABILIO FELIX DE FIGUEIREDO;17.392.307/0001-88;Programadora brasileira independente nos termos do art.17, §5º da Lei 12.485/2011;BRASIL
TV NOVO TEMPO; 13379.30001 ;Canal de programação comum;Canal de conteúdo religioso;CANAL OFERTADO EM PACOTE;30/05/2008;PADRÃO;REDE NOVO TEMPO DE COMUNICACAO;01.385.423/0001-30;Programadora brasileira;BRASIL
TV OOPS; 42606.30001 ;Canal de programação comum;Canal de conteúdo em geral;CANAL OFERTADO EM PACOTE;01/01/2018;ALTA DEFINIÇÃO;TNC SISTEMAS DE TELECOMUNICAÇÕES LTDA;27.170.742/0001-11;Programadora brasileira;BRASIL
TV OTIMISTA; 46268.30001 ;Canal de programação comum;Canal de conteúdo em geral;CANAL OFERTADO EM PACOTE;18/10/2020;ALTA DEFINIÇÃO;O OTIMISTA SERVICO DE COMUNICACAO EIRELI;02.553.273/0001-99;Programadora brasileira independente nos termos do art.17, §5º da Lei 12.485/2011;BRASIL
TV PADRE CICERO; 38809.30001 ;Canal de programação comum;Canal de conteúdo em geral;CANAL OFERTADO EM PACOTE;09/01/2018;ALTA DEFINIÇÃO;FUNDACÃO PADRE CÍCERO DE TELEVISÃO;04.175.120/0001-80;;BRASIL
TV RÁ TIM BUM!; 1125.30001 ;Canal brasileiro de espaço qualificado;Canal de conteúdo infantil e adolescente;CANAL OFERTADO EM PACOTE;12/12/2004;PADRÃO;FUND PE ANCHIETA CENTRO PAULISTA RADIO E TV EDUCATIVAS;61.914.891/0001-86;Programadora brasileira independente;BRASIL
TV RÁ TIM BUM HD; 1125.30002 ;Canal brasileiro de espaço qualificado;Canal de conteúdo infantil e adolescente;CANAL OFERTADO EM PACOTE;19/12/2016;ALTA DEFINIÇÃO;FUND PE ANCHIETA CENTRO PAULISTA RADIO E TV EDUCATIVAS;61.914.891/0001-86;Programadora brasileira independente;BRASIL
TV SUPREN; 4619.30001 ;Canal de programação comum;Canal de conteúdo em geral;CANAL OFERTADO EM PACOTE;01/12/2007;PADRÃO;UNIÃO PLANETÁRIA;02.755.157/0001-52;;BRASIL
TV UNIÃO DE NATAL; 22468.30001 ;Canal de programação comum;Canal de conteúdo em geral;CANAL OFERTADO EM PACOTE;31/03/2003;PADRÃO;WMW ENTRETENIMENTO LTDA;01.884.833/0001-25;Programadora brasileira independente;BRASIL
TVI; 17618.30001 ;Canal de programação comum;Canal de conteúdo em geral;CANAL OFERTADO EM PACOTE;17/01/2005;PADRÃO;AÇÃO PROGRAMADORA DE CANAIS INDEPENDENTES LTDA - ME;08.594.668/0001-16;Programadora brasileira independente nos termos do art.17, §5º da Lei 12.485/2011;BRASIL
TV5 MONDE; 6269.30001 ;Canal não adaptado ao mercado brasileiro;Canal de conteúdo em geral;CANAL OFERTADO EM PACOTE, CANAL À LA CARTE;15/04/1996;PADRÃO;TV5 MONDE;;Programadora Estrangeira;FRANÇA
UNIVERSAL TV; 44.30001 ;Canal de espaço qualificado;Canal de conteúdo em geral;CANAL OFERTADO EM PACOTE;10/05/1996;PADRÃO;NBCUNIVERSAL NETWORKS INTERNATIONAL BRASIL PROGRAMADORA S/A;01.253.766/0001-40;Programadora brasileira de capital estrangeiro;BRASIL
UNIVERSAL TV HD; 44.30004 ;Canal de espaço qualificado;Canal de conteúdo em geral;CANAL OFERTADO EM PACOTE;01/07/2013;ALTA DEFINIÇÃO;NBCUNIVERSAL NETWORKS INTERNATIONAL BRASIL PROGRAMADORA S/A;01.253.766/0001-40;Programadora brasileira de capital estrangeiro;BRASIL
URBAN TV; 45652.30001 ;Canal de programação comum;Canal de conteúdo em geral;CANAL OFERTADO EM PACOTE;20/01/2020;PADRÃO;URBAN TV BRASIL COMUNICAÇÕES LTDA.;36.332.833/0001-05;Programadora brasileira independente nos termos do art.17, §5º da Lei 12.485/2011;BRASIL
VENUS; 13263.30004 ;Canal de programação comum;Canal de conteúdo erótico;CANAL À LA CARTE, PAY-PER-VIEW;10/12/2008;PADRÃO;PB BRASIL ENTRETENIMENTO S/A;08.844.841/0001-97;Programadora brasileira de capital estrangeiro;BRASIL
VH1 HD; 6209.30006 ;Canal não adaptado ao mercado brasileiro;Canal de conteúdo videomusical;CANAL OFERTADO EM PACOTE;01/12/2009;ALTA DEFINIÇÃO;MTV NETWORKS LATIN AMERICA INC.;;Programadora Estrangeira;ESTADOS UNIDOS
VH1 MEGAHITS; 6209.30005 ;Canal não adaptado ao mercado brasileiro;Canal de conteúdo videomusical;CANAL OFERTADO EM PACOTE;31/01/2010;PADRÃO;MTV NETWORKS LATIN AMERICA INC.;;Programadora Estrangeira;ESTADOS UNIDOS
VINTV; 42577.30001 ;Canal de programação comum;Canal de conteúdo em geral;CANAL OFERTADO EM PACOTE;01/01/2019;PADRÃO;SERTÃO & MAR COMUNICAÇÕES LTDA;22.855.801/0001-71;Programadora brasileira independente nos termos do art.17, §5º da Lei 12.485/2011;BRASIL
VIVA; 4727.30120 ;Canal de espaço qualificado;Canal de conteúdo em geral;CANAL OFERTADO EM PACOTE;01/01/2020;PADRÃO;GLOBO COMUNICACAO E PARTICIPACOES S/A;27.865.757/0001-02;Programadora brasileira independente;BRASIL
VIVA HD; 4727.30022 ;Canal de espaço qualificado;Canal de conteúdo em geral;CANAL OFERTADO EM PACOTE;01/01/2020;ALTA DEFINIÇÃO;GLOBO COMUNICACAO E PARTICIPACOES S/A;27.865.757/0001-02;Programadora brasileira independente;BRASIL
WARNER CHANNEL; 40403.30029 ;Canal de espaço qualificado;Canal de conteúdo em geral;CANAL OFERTADO EM PACOTE;01/11/1996;PADRÃO;TURNER INTERNATIONAL LATIN AMERICA, INC;05.583.971/0001-25;Programadora Estrangeira;ESTADOS UNIDOS
WARNER CHANNEL HD; 40403.30030 ;Canal de espaço qualificado;Canal de conteúdo em geral;CANAL OFERTADO EM PACOTE;01/11/1996;ALTA DEFINIÇÃO;TURNER INTERNATIONAL LATIN AMERICA, INC;05.583.971/0001-25;Programadora Estrangeira;ESTADOS UNIDOS
WOOHOO; 21229.30001 ;Canal brasileiro de espaço qualificado;Canal de conteúdo em geral;CANAL OFERTADO EM PACOTE;22/05/2006;PADRÃO;NOVAS MIDIAS DIGITAIS PROGRAMADORA LTDA;07.906.636/0001-46;Programadora brasileira independente nos termos do art.17, §5º da Lei 12.485/2011;BRASIL
WOOHOO HD; 21229.30002 ;Canal brasileiro de espaço qualificado;Canal de conteúdo em geral;CANAL OFERTADO EM PACOTE;30/11/2017;ALTA DEFINIÇÃO;NOVAS MIDIAS DIGITAIS PROGRAMADORA LTDA;07.906.636/0001-46;Programadora brasileira independente nos termos do art.17, §5º da Lei 12.485/2011;BRASIL
ZOOMOO KIDS; 47057.30001 ;Canal de espaço qualificado;Canal de conteúdo infantil e adolescente;CANAL OFERTADO EM PACOTE;10/11/2020;PADRÃO;STENNA INTERNATIONAL LLC;;Programadora Estrangeira;ESTADOS UNIDOS
ZOOMOO KIDS (HD); 47057.30002 ;Canal de espaço qualificado;Canal de conteúdo infantil e adolescente;CANAL OFERTADO EM PACOTE;10/11/2020;ALTA DEFINIÇÃO;STENNA INTERNATIONAL LLC;;Programadora Estrangeira;ESTADOS UNIDOS
