,CANAL,NR_IDENTIFICACAO,CLASSIFICACAO_CANAL,TIPO_CONTEUDO_CANAL,OFERTA_CLIENTE,DATA_INICIO_OFERTA,DENSIDADE_CANAL,NOME_PROGRAMADORA,CNPJ_PROGRAMADORA,CLASSIFICAO_PROGRAMADORA,PAIS_PROGRAMADORA
0,A&E,22398.30001,Canal de espaço qualificado,Canal de conteúdo em geral,CANAL OFERTADO EM PACOTE,1997-06-01,PADRÃO,"A&E BRAZIL DISTRIBUTION, LLC",00.000.000/0000-00,Programadora Estrangeira,ESTADOS UNIDOS
1,A&E HD,22398.30002,Canal de espaço qualificado,Canal de conteúdo em geral,CANAL OFERTADO EM PACOTE,2010-12-01,ALTA DEFINIÇÃO,"A&E BRAZIL DISTRIBUTION, LLC",00.000.000/0000-00,Programadora Estrangeira,ESTADOS UNIDOS
2,AFESP TV,35307.30001,Canal de programação comum,Canal de conteúdo em geral,CANAL OFERTADO EM PACOTE,2017-01-01,PADRÃO,ASSOCIAÇÃO DOS FUNCIONÁRIOS EMPREGADOS E SERVIDORES PÚBLICOS MUNICIPAIS DE PETRÓPOLIS,26.650.154/0001-12,Sem Informação,BRASIL
3,AGRO+,3293.30011,Canal de programação comum,Canal de conteúdo jornalístico,CANAL OFERTADO EM PACOTE,2020-06-22,PADRÃO,NEWCO PROGRAMADORA E PRODUTORA DE COMUNICACAO LTDA.,04.334.366/0001-58,Programadora brasileira,BRASIL
4,AGRO+ HD,3293.30012,Canal de programação comum,Canal de conteúdo jornalístico,CANAL OFERTADO EM PACOTE,2020-06-22,ALTA DEFINIÇÃO,NEWCO PROGRAMADORA E PRODUTORA DE COMUNICACAO LTDA.,04.334.366/0001-58,Programadora brasileira,BRASIL
5,AGROBRASIL TV O SEU CANAL,6125.30001,Canal de programação comum,Canal de conteúdo em geral,"CANAL OFERTADO EM PACOTE, CANAL À LA CARTE",2005-12-26,PADRÃO,AGROMIX TELEVISAO LTDA,07.760.498/0001-30,Programadora brasileira independente,BRASIL
6,ALPHA CHANNEL TV,29487.30001,Canal de programação comum,Canal de conteúdo em geral,CANAL OFERTADO EM PACOTE,2014-08-28,ALTA DEFINIÇÃO,HAPPY SERVICOS E COMUNICACOES EIRELI,20.968.212/0001-74,"Programadora brasileira independente nos termos do art.17, §5º da Lei 12.485/2011",BRASIL
7,AMC,6211.30003,Canal de espaço qualificado,Canal de conteúdo em geral,CANAL OFERTADO EM PACOTE,1997-07-01,PADRÃO,AMC NETWORKS LATIN AMERICA LLC,06.147.448/0001-19,Programadora Estrangeira,ESTADOS UNIDOS
8,AMC,6211.30003,Canal de espaço qualificado,Canal de conteúdo em geral,CANAL OFERTADO EM PACOTE,1997-07-01,PADRÃO,AMC NETWORKS LATIN AMERICA LLC,06.147.448/0001-19,Programadora Estrangeira,ESTADOS UNIDOS
9,AMC HD,6211.30002,Canal de espaço qualificado,Canal de conteúdo em geral,CANAL OFERTADO EM PACOTE,2009-04-30,ALTA DEFINIÇÃO,AMC NETWORKS LATIN AMERICA LLC,06.147.448/0001-19,Programadora Estrangeira,ESTADOS UNIDOS
10,AMC HD,6211.30002,Canal de espaço qualificado,Canal de conteúdo em geral,CANAL OFERTADO EM PACOTE,2009-04-30,ALTA DEFINIÇÃO,AMC NETWORKS LATIN AMERICA LLC,06.147.448/0001-19,Programadora Estrangeira,ESTADOS UNIDOS
11,ANIMAL PLANET,26039.30001,Canal de espaço qualificado,Canal de conteúdo em geral,CANAL OFERTADO EM PACOTE,1999-09-01,PADRÃO,"DISCOVERY NETWORKS, SL",00.000.000/0000-00,Programadora Estrangeira,ESPANHA
12,ANIMAL PLANET HD,26039.30018,Canal de espaço qualificado,Canal de conteúdo em geral,CANAL OFERTADO EM PACOTE,2015-12-01,ALTA DEFINIÇÃO,"DISCOVERY NETWORKS, SL",00.000.000/0000-00,Programadora Estrangeira,ESPANHA
13,ART LATINO,14125.30002,Canal não adaptado ao mercado brasileiro,Canal de conteúdo em geral,"CANAL OFERTADO EM PACOTE, CANAL À LA CARTE",1994-07-01,PADRÃO,ALL TV COMMUNICATIONS S.A.,00.000.000/0000-00,Programadora Estrangeira,URUGUAI
14,ARTE 1,3293.30003,Canal brasileiro de espaço qualificado,Canal de conteúdo em geral,CANAL OFERTADO EM PACOTE,2012-10-01,PADRÃO,NEWCO PROGRAMADORA E PRODUTORA DE COMUNICACAO LTDA.,04.334.366/0001-58,Programadora brasileira,BRASIL
15,ARTE 1 HD,3293.30004,Canal brasileiro de espaço qualificado,Canal de conteúdo em geral,CANAL OFERTADO EM PACOTE,2013-03-01,ALTA DEFINIÇÃO,NEWCO PROGRAMADORA E PRODUTORA DE COMUNICACAO LTDA.,04.334.366/0001-58,Programadora brasileira,BRASIL
16,AXN,22335.30003,Canal de espaço qualificado,Canal de conteúdo em geral,CANAL OFERTADO EM PACOTE,1999-08-01,PADRÃO,"SET BRAZIL, LLC",00.000.000/0000-00,Programadora Estrangeira,ESTADOS UNIDOS
17,AXN HD,22335.30004,Canal de espaço qualificado,Canal de conteúdo em geral,CANAL OFERTADO EM PACOTE,1999-08-01,ALTA DEFINIÇÃO,"SET BRAZIL, LLC",00.000.000/0000-00,Programadora Estrangeira,ESTADOS UNIDOS
18,BABY TV,6276.30006,Canal de espaço qualificado,Canal de conteúdo infantil e adolescente,CANAL OFERTADO EM PACOTE,2008-03-01,PADRÃO,TFCF LATIN AMERICAN CHANNEL LLC,00.000.000/0000-00,Programadora Estrangeira,ESTADOS UNIDOS
19,BANDNEWS,15742.30002,Canal de programação comum,Canal de conteúdo jornalístico,CANAL OFERTADO EM PACOTE,2001-03-19,PADRÃO,COMPANHIA RIO BONITO - COMUNICAÇÕES,06.017.510/0001-58,Programadora brasileira,BRASIL
20,BANDNEWS HD,15742.30003,Canal de programação comum,Canal de conteúdo jornalístico,CANAL OFERTADO EM PACOTE,2017-02-09,ALTA DEFINIÇÃO,COMPANHIA RIO BONITO - COMUNICAÇÕES,06.017.510/0001-58,Programadora brasileira,BRASIL
21,BANDSPORTS,3293.30002,Canal de programação comum,Canal de conteúdo esportivo,CANAL OFERTADO EM PACOTE,2002-05-13,PADRÃO,NEWCO PROGRAMADORA E PRODUTORA DE COMUNICACAO LTDA.,04.334.366/0001-58,Programadora brasileira,BRASIL
22,BANDSPORTS HD,3293.30006,Canal de programação comum,Canal de conteúdo esportivo,CANAL OFERTADO EM PACOTE,2011-03-19,ALTA DEFINIÇÃO,NEWCO PROGRAMADORA E PRODUTORA DE COMUNICACAO LTDA.,04.334.366/0001-58,Programadora brasileira,BRASIL
23,BIS,4727.30016,Canal brasileiro de espaço qualificado,Canal de conteúdo videomusical,CANAL OFERTADO EM PACOTE,2020-01-01,PADRÃO,GLOBO COMUNICACAO E PARTICIPACOES S/A,27.865.757/0001-02,Programadora brasileira independente,BRASIL
24,BIS (HD),4727.30098,Canal brasileiro de espaço qualificado,Canal de conteúdo videomusical,CANAL OFERTADO EM PACOTE,2020-01-01,ALTA DEFINIÇÃO,GLOBO COMUNICACAO E PARTICIPACOES S/A,27.865.757/0001-02,Programadora brasileira independente,BRASIL
25,BLOOMBERG TELEVISION,6227.30001,Canal de programação comum,Canal de conteúdo jornalístico,CANAL OFERTADO EM PACOTE,1997-02-02,PADRÃO,BLOOMBERG L.P.,00.000.000/0000-00,Programadora Estrangeira,ESTADOS UNIDOS
26,BLOOMBERG TELEVISION HD,6227.30002,Canal de programação comum,Canal de conteúdo jornalístico,CANAL OFERTADO EM PACOTE,2016-09-30,ALTA DEFINIÇÃO,BLOOMBERG L.P.,00.000.000/0000-00,Programadora Estrangeira,ESTADOS UNIDOS
27,BM&C NEWS,51705.30001,Canal de programação comum,Canal de conteúdo jornalístico,CANAL OFERTADO EM PACOTE,2023-05-15,ALTA DEFINIÇÃO,BM&C CONTEUDOS E TREINAMENTOS ON LINE S.A.,37.675.914/0001-62,"Programadora brasileira independente nos termos do art.17, §5º da Lei 12.485/2011",BRASIL
28,BOX KIDS TV,44401.30001,Canal de espaço qualificado,Canal de conteúdo infantil e adolescente,CANAL OFERTADO EM PACOTE,2022-04-02,PADRÃO,CONTAINER MEDIA ENTERTAINMENT CORP,00.000.000/0000-00,Programadora Estrangeira,ESTADOS UNIDOS
29,BOX KIDS TV HD,44401.30002,Canal de espaço qualificado,Canal de conteúdo infantil e adolescente,CANAL OFERTADO EM PACOTE,2022-04-02,ALTA DEFINIÇÃO,CONTAINER MEDIA ENTERTAINMENT CORP,00.000.000/0000-00,Programadora Estrangeira,ESTADOS UNIDOS
30,CANAL BRASIL HD,1500.30002,"Canal brasileiro de espaço qualificado nos termos do art. 17, §4º da lei 12.485/2011",Canal de conteúdo em geral,CANAL OFERTADO EM PACOTE,2014-10-27,ALTA DEFINIÇÃO,CANAL BRAZIL S/A,02.608.224/0001-06,Programadora brasileira independente,BRASIL
31,CANAL DO CRIADOR SD,4452.30002,Canal de programação comum,Canal de televenda ou infomercial,CANAL OFERTADO EM PACOTE,2020-09-12,PADRÃO,CANAL RURAL PRODUCOES LTDA,01.815.092/0001-20,"Programadora brasileira independente nos termos do art.17, §5º da Lei 12.485/2011",BRASIL
32,CANAL FUTURA,421.30001,Canal de programação comum,Canal de conteúdo em geral,CANAL OFERTADO EM PACOTE,1997-09-22,PADRÃO,FUNDACAO ROBERTO MARINHO,29.527.413/0001-00,Programadora brasileira independente,BRASIL
33,CANAL FUTURA HD,421.30002,Canal de programação comum,Canal de conteúdo em geral,CANAL OFERTADO EM PACOTE,2017-10-17,ALTA DEFINIÇÃO,FUNDACAO ROBERTO MARINHO,29.527.413/0001-00,Programadora brasileira independente,BRASIL
34,CANAL FX,6276.30002,Canal de espaço qualificado,Canal de conteúdo em geral,CANAL OFERTADO EM PACOTE,2005-01-01,PADRÃO,TFCF LATIN AMERICAN CHANNEL LLC,00.000.000/0000-00,Programadora Estrangeira,ESTADOS UNIDOS
35,CANAL K,18160.30001,Canal brasileiro de espaço qualificado,Canal de conteúdo em geral,CANAL OFERTADO EM PACOTE,2011-01-17,PADRÃO,"MÍDIA DO BRASIL COMUNICAÇÕES, SERVIÇOS DE TELEVISÃO LTDA",71.841.282/0001-06,Programadora brasileira independente,BRASIL
36,CANAL K HD,18160.30003,Canal brasileiro de espaço qualificado,Canal de conteúdo em geral,CANAL OFERTADO EM PACOTE,2013-03-21,ALTA DEFINIÇÃO,"MÍDIA DO BRASIL COMUNICAÇÕES, SERVIÇOS DE TELEVISÃO LTDA",71.841.282/0001-06,Programadora brasileira independente,BRASIL
37,CANAL LIKE,37746.30001,Canal de programação comum,Canal de conteúdo em geral,CANAL OFERTADO EM PACOTE,2018-04-24,ALTA DEFINIÇÃO,CANAL LIKE PROGRAMAÇÃO LTDA,28.120.721/0001-54,"Programadora brasileira independente nos termos do art.17, §5º da Lei 12.485/2011",BRASIL
38,CANAL LIKE+,37746.30002,Canal de programação comum,Canal de conteúdo em geral,CANAL OFERTADO EM PACOTE,2021-05-26,ALTA DEFINIÇÃO,CANAL LIKE PROGRAMAÇÃO LTDA,28.120.721/0001-54,"Programadora brasileira independente nos termos do art.17, §5º da Lei 12.485/2011",BRASIL
39,CANAL PAULISTÃO 1 - HD,44181.30016,Canal de programação comum,Canal de conteúdo esportivo,CANAL À LA CARTE,2021-12-15,ALTA DEFINIÇÃO,LIVEMODE SERVICOS DIGITAIS S.A.,29.037.988/0001-45,"Programadora brasileira independente nos termos do art.17, §5º da Lei 12.485/2011",BRASIL
40,CANAL PAULISTÃO 1 - SD,44181.30015,Canal de programação comum,Canal de conteúdo esportivo,CANAL À LA CARTE,2021-12-15,PADRÃO,LIVEMODE SERVICOS DIGITAIS S.A.,29.037.988/0001-45,"Programadora brasileira independente nos termos do art.17, §5º da Lei 12.485/2011",BRASIL
41,CANAL PAULISTÃO 2 - HD,44181.30018,Canal de programação comum,Canal de conteúdo esportivo,CANAL À LA CARTE,2021-12-15,ALTA DEFINIÇÃO,LIVEMODE SERVICOS DIGITAIS S.A.,29.037.988/0001-45,"Programadora brasileira independente nos termos do art.17, §5º da Lei 12.485/2011",BRASIL
42,CANAL PAULISTÃO 2 - SD,44181.30017,Canal de programação comum,Canal de conteúdo esportivo,CANAL À LA CARTE,2021-12-15,PADRÃO,LIVEMODE SERVICOS DIGITAIS S.A.,29.037.988/0001-45,"Programadora brasileira independente nos termos do art.17, §5º da Lei 12.485/2011",BRASIL
43,CANAL PAULISTÃO 3 - HD,44181.3002,Canal de programação comum,Canal de conteúdo esportivo,CANAL À LA CARTE,2021-12-15,ALTA DEFINIÇÃO,LIVEMODE SERVICOS DIGITAIS S.A.,29.037.988/0001-45,"Programadora brasileira independente nos termos do art.17, §5º da Lei 12.485/2011",BRASIL
44,CANAL PAULISTÃO 3 - SD,44181.30019,Canal de programação comum,Canal de conteúdo esportivo,CANAL À LA CARTE,2021-12-15,PADRÃO,LIVEMODE SERVICOS DIGITAIS S.A.,29.037.988/0001-45,"Programadora brasileira independente nos termos do art.17, §5º da Lei 12.485/2011",BRASIL
45,CANAL RURAL HD,4452.30004,Canal de programação comum,Canal de televenda ou infomercial,CANAL OFERTADO EM PACOTE,2022-07-05,ALTA DEFINIÇÃO,CANAL RURAL PRODUCOES LTDA,01.815.092/0001-20,"Programadora brasileira independente nos termos do art.17, §5º da Lei 12.485/2011",BRASIL
46,CANAL RURAL SD,4452.30001,Canal de programação comum,Canal de televenda ou infomercial,CANAL OFERTADO EM PACOTE,1998-10-27,PADRÃO,CANAL RURAL PRODUCOES LTDA,01.815.092/0001-20,"Programadora brasileira independente nos termos do art.17, §5º da Lei 12.485/2011",BRASIL
47,CANAL SIDYS,23033.30001,Canal de programação comum,Canal de conteúdo jornalístico,CANAL OFERTADO EM PACOTE,2012-11-10,PADRÃO,SIDY S TV LTDA - EPP,17.054.936/0001-06,"Programadora brasileira independente nos termos do art.17, §5º da Lei 12.485/2011",BRASIL
48,CANAL TCM 10 HD,23817.30001,Canal de programação comum,Canal de conteúdo jornalístico,CANAL OFERTADO EM PACOTE,2000-12-22,ALTA DEFINIÇÃO,PROGRAMADORA CANAL TCM LTDA,04.209.895/0001-20,Programadora brasileira,BRASIL
49,CANAL 07,32129.30001,Canal de programação comum,Canal de conteúdo em geral,CANAL OFERTADO EM PACOTE,2007-02-05,PADRÃO,CANAL 07 SERVIÇOS DIGITAIS MARKETING E PUBLICIDADE LTDA,08.646.003/0001-09,"Programadora brasileira independente nos termos do art.17, §5º da Lei 12.485/2011",BRASIL
50,CARTOON NETWORK,40403.30002,Canal de espaço qualificado,Canal de conteúdo infantil e adolescente,CANAL OFERTADO EM PACOTE,1993-04-30,PADRÃO,"TURNER INTERNATIONAL LATIN AMERICA, INC",05.583.971/0001-25,Programadora Estrangeira,ESTADOS UNIDOS
51,CARTOON NETWORK HD,40403.30016,Canal de espaço qualificado,Canal de conteúdo infantil e adolescente,CANAL OFERTADO EM PACOTE,2014-02-27,ALTA DEFINIÇÃO,"TURNER INTERNATIONAL LATIN AMERICA, INC",05.583.971/0001-25,Programadora Estrangeira,ESTADOS UNIDOS
52,CARTOONITO,40403.30001,Canal de espaço qualificado,Canal de conteúdo infantil e adolescente,CANAL OFERTADO EM PACOTE,2001-07-03,PADRÃO,"TURNER INTERNATIONAL LATIN AMERICA, INC",05.583.971/0001-25,Programadora Estrangeira,ESTADOS UNIDOS
53,CARTOONITO HD,40403.30023,Canal de espaço qualificado,Canal de conteúdo infantil e adolescente,CANAL OFERTADO EM PACOTE,2017-04-01,ALTA DEFINIÇÃO,"TURNER INTERNATIONAL LATIN AMERICA, INC",05.583.971/0001-25,Programadora Estrangeira,ESTADOS UNIDOS
54,CINEBRASILTV,259.30001,"Canal brasileiro de espaço qualificado nos termos do art. 17, §5º da lei 12.485/2011",Canal de conteúdo em geral,CANAL OFERTADO EM PACOTE,2004-07-10,PADRÃO,CONCEITO A EM AUDIOVISUAL S.A,73.560.195/0001-06,"Programadora brasileira independente nos termos do art.17, §5º da Lei 12.485/2011",BRASIL
55,CINEBRASILTV HD,259.30002,"Canal brasileiro de espaço qualificado nos termos do art. 17, §5º da lei 12.485/2011",Canal de conteúdo em geral,CANAL OFERTADO EM PACOTE,2018-04-23,ALTA DEFINIÇÃO,CONCEITO A EM AUDIOVISUAL S.A,73.560.195/0001-06,"Programadora brasileira independente nos termos do art.17, §5º da Lei 12.485/2011",BRASIL
56,CINECANAL,6276.3001,Canal de espaço qualificado,Canal de conteúdo em geral,CANAL OFERTADO EM PACOTE,2005-01-01,PADRÃO,TFCF LATIN AMERICAN CHANNEL LLC,00.000.000/0000-00,Programadora Estrangeira,ESTADOS UNIDOS
57,CINECANAL HD,6276.30018,Canal de espaço qualificado,Canal de conteúdo em geral,CANAL OFERTADO EM PACOTE,2015-08-03,ALTA DEFINIÇÃO,TFCF LATIN AMERICAN CHANNEL LLC,00.000.000/0000-00,Programadora Estrangeira,ESTADOS UNIDOS
58,CINEMAX,22427.30001,Canal de espaço qualificado,Canal de conteúdo em geral,CANAL OFERTADO EM PACOTE,2010-12-10,PADRÃO,"BRASIL ADVERTISING, L.L.C",16.810.009/0001-06,Programadora Estrangeira,ESTADOS UNIDOS
59,CINEMAX HD,22427.30002,Canal de espaço qualificado,Canal de conteúdo em geral,CANAL OFERTADO EM PACOTE,2014-04-11,ALTA DEFINIÇÃO,"BRASIL ADVERTISING, L.L.C",16.810.009/0001-06,Programadora Estrangeira,ESTADOS UNIDOS
60,CNN BRASIL,42793.30001,Canal de programação comum,Canal de conteúdo jornalístico,"CANAL OFERTADO EM PACOTE, CANAL À LA CARTE, PAY-PER-VIEW",2020-03-15,ALTA DEFINIÇÃO,NOVUS MIDIA S.A.,32.161.939/0001-24,"Programadora brasileira independente nos termos do art.17, §5º da Lei 12.485/2011",BRASIL
61,CNN INTERNATIONAL,40403.30005,Canal de programação comum,Canal de conteúdo jornalístico,CANAL OFERTADO EM PACOTE,1989-01-01,PADRÃO,"TURNER INTERNATIONAL LATIN AMERICA, INC",05.583.971/0001-25,Programadora Estrangeira,ESTADOS UNIDOS
62,CÑN (EN ESPAÑOL),40403.30006,Canal não adaptado ao mercado brasileiro,Canal de conteúdo jornalístico,CANAL OFERTADO EM PACOTE,1999-03-01,PADRÃO,"TURNER INTERNATIONAL LATIN AMERICA, INC",05.583.971/0001-25,Programadora Estrangeira,ESTADOS UNIDOS
63,COMBATE,4727.3001,Canal de programação comum,Canal de conteúdo esportivo,"CANAL OFERTADO EM PACOTE, CANAL À LA CARTE, PAY-PER-VIEW",2020-01-01,PADRÃO,GLOBO COMUNICACAO E PARTICIPACOES S/A,27.865.757/0001-02,Programadora brasileira independente,BRASIL
64,COMBATE HD,4727.30099,Canal de programação comum,Canal de conteúdo esportivo,"CANAL OFERTADO EM PACOTE, CANAL À LA CARTE, PAY-PER-VIEW",2020-01-01,ALTA DEFINIÇÃO,GLOBO COMUNICACAO E PARTICIPACOES S/A,27.865.757/0001-02,Programadora brasileira independente,BRASIL
65,COMBATE 2,4727.301,Canal de programação comum,Canal de conteúdo esportivo,"CANAL OFERTADO EM PACOTE, CANAL À LA CARTE, PAY-PER-VIEW",2020-01-01,ALTA DEFINIÇÃO,GLOBO COMUNICACAO E PARTICIPACOES S/A,27.865.757/0001-02,Programadora brasileira independente,BRASIL
66,COMEDY CENTRAL,6209.30007,Canal de espaço qualificado,Canal de conteúdo em geral,CANAL OFERTADO EM PACOTE,2012-02-01,PADRÃO,MTV NETWORKS LATIN AMERICA INC.,00.000.000/0000-00,Programadora Estrangeira,ESTADOS UNIDOS
67,COMEDY CENTRAL HD,6209.30008,Canal de espaço qualificado,Canal de conteúdo em geral,CANAL OFERTADO EM PACOTE,2012-02-01,ALTA DEFINIÇÃO,MTV NETWORKS LATIN AMERICA INC.,00.000.000/0000-00,Programadora Estrangeira,ESTADOS UNIDOS
68,CONMEBOL TV 01 HD,47452.30002,Canal de programação comum,Canal de conteúdo esportivo,"CANAL À LA CARTE, PAY-PER-VIEW",2021-01-01,ALTA DEFINIÇÃO,CONFEDERACION SUDAMERICANA DE FUTBOL,00.000.000/0000-00,Programadora Estrangeira,PARAGUAI
69,CONMEBOL TV 02 HD,47452.30004,Canal de programação comum,Canal de conteúdo esportivo,"CANAL À LA CARTE, PAY-PER-VIEW",2021-01-01,ALTA DEFINIÇÃO,CONFEDERACION SUDAMERICANA DE FUTBOL,00.000.000/0000-00,Programadora Estrangeira,PARAGUAI
70,CONMEBOL TV 03 HD,47452.30006,Canal de programação comum,Canal de conteúdo esportivo,"CANAL À LA CARTE, PAY-PER-VIEW",2021-01-01,ALTA DEFINIÇÃO,CONFEDERACION SUDAMERICANA DE FUTBOL,00.000.000/0000-00,Programadora Estrangeira,PARAGUAI
71,CONMEBOL TV 04 HD,47452.30008,Canal de programação comum,Canal de conteúdo esportivo,"CANAL À LA CARTE, PAY-PER-VIEW",2021-01-01,ALTA DEFINIÇÃO,CONFEDERACION SUDAMERICANA DE FUTBOL,00.000.000/0000-00,Programadora Estrangeira,PARAGUAI
72,CURTA! O CANAL INDEPENDENTE,22831.30001,"Canal brasileiro de espaço qualificado nos termos do art. 17, §5º da lei 12.485/2011",Canal de conteúdo em geral,CANAL OFERTADO EM PACOTE,2012-11-01,PADRÃO,CURTA! PROGRAMADORA DE CANAIS DE TV LTDA,17.164.803/0001-84,"Programadora brasileira independente nos termos do art.17, §5º da Lei 12.485/2011",BRASIL
73,CURTA! O CANAL INDEPENDENTE HD,22831.30003,"Canal brasileiro de espaço qualificado nos termos do art. 17, §5º da lei 12.485/2011",Canal de conteúdo em geral,CANAL OFERTADO EM PACOTE,2017-09-01,ALTA DEFINIÇÃO,CURTA! PROGRAMADORA DE CANAIS DE TV LTDA,17.164.803/0001-84,"Programadora brasileira independente nos termos do art.17, §5º da Lei 12.485/2011",BRASIL
74,DIÁRIO TV,25227.30001,Canal de programação comum,Canal de conteúdo jornalístico,CANAL OFERTADO EM PACOTE,2009-08-20,PADRÃO,GRUPO SERRA COMUNICACOES DE TERESOPOLIS LTDA - ME,07.002.863/0001-47,"Programadora brasileira independente nos termos do art.17, §5º da Lei 12.485/2011",BRASIL
75,DISCOVERY CHANNEL,26039.30002,Canal de espaço qualificado,Canal de conteúdo em geral,CANAL OFERTADO EM PACOTE,1996-04-01,PADRÃO,"DISCOVERY NETWORKS, SL",00.000.000/0000-00,Programadora Estrangeira,ESPANHA
76,DISCOVERY CHANNEL HD,26039.30014,Canal de espaço qualificado,Canal de conteúdo em geral,CANAL OFERTADO EM PACOTE,2012-12-04,ALTA DEFINIÇÃO,"DISCOVERY NETWORKS, SL",00.000.000/0000-00,Programadora Estrangeira,ESPANHA
77,DISCOVERY HOME AND HEALTH,26039.30005,Canal de espaço qualificado,Canal de conteúdo em geral,CANAL OFERTADO EM PACOTE,2000-07-10,PADRÃO,"DISCOVERY NETWORKS, SL",00.000.000/0000-00,Programadora Estrangeira,ESPANHA
78,DISCOVERY HOME AND HEALTH HD,26039.30012,Canal de espaço qualificado,Canal de conteúdo em geral,CANAL OFERTADO EM PACOTE,2012-12-04,ALTA DEFINIÇÃO,"DISCOVERY NETWORKS, SL",00.000.000/0000-00,Programadora Estrangeira,ESPANHA
79,DISCOVERY KIDS,26039.30006,Canal de espaço qualificado,Canal de conteúdo infantil e adolescente,CANAL OFERTADO EM PACOTE,1998-03-02,PADRÃO,"DISCOVERY NETWORKS, SL",00.000.000/0000-00,Programadora Estrangeira,ESPANHA
80,DISCOVERY KIDS HD,26039.30015,Canal de espaço qualificado,Canal de conteúdo infantil e adolescente,CANAL OFERTADO EM PACOTE,2013-04-15,ALTA DEFINIÇÃO,"DISCOVERY NETWORKS, SL",00.000.000/0000-00,Programadora Estrangeira,ESPANHA
81,DISCOVERY SCIENCE,26039.30007,Canal de espaço qualificado,Canal de conteúdo em geral,CANAL OFERTADO EM PACOTE,2005-02-28,PADRÃO,"DISCOVERY NETWORKS, SL",00.000.000/0000-00,Programadora Estrangeira,ESPANHA
82,DISCOVERY SCIENCE HD,26039.30019,Canal de espaço qualificado,Canal de conteúdo em geral,CANAL OFERTADO EM PACOTE,2017-10-03,ALTA DEFINIÇÃO,"DISCOVERY NETWORKS, SL",00.000.000/0000-00,Programadora Estrangeira,ESPANHA
83,DISCOVERY THEATER HD,26039.30004,Canal de espaço qualificado,Canal de conteúdo em geral,CANAL OFERTADO EM PACOTE,2009-03-16,ALTA DEFINIÇÃO,"DISCOVERY NETWORKS, SL",00.000.000/0000-00,Programadora Estrangeira,ESPANHA
84,DISCOVERY TURBO,26039.30008,Canal de espaço qualificado,Canal de conteúdo em geral,CANAL OFERTADO EM PACOTE,2005-02-28,PADRÃO,"DISCOVERY NETWORKS, SL",00.000.000/0000-00,Programadora Estrangeira,ESPANHA
85,DISCOVERY TURBO HD,26039.30016,Canal de espaço qualificado,Canal de conteúdo em geral,CANAL OFERTADO EM PACOTE,2014-11-04,ALTA DEFINIÇÃO,"DISCOVERY NETWORKS, SL",00.000.000/0000-00,Programadora Estrangeira,ESPANHA
86,DISCOVERY WORLD HD,26039.30011,Canal de espaço qualificado,Canal de conteúdo em geral,CANAL OFERTADO EM PACOTE,2009-12-07,ALTA DEFINIÇÃO,"DISCOVERY NETWORKS, SL",00.000.000/0000-00,Programadora Estrangeira,ESPANHA
87,DISNEY CHANNEL,6222.30001,Canal de espaço qualificado,Canal de conteúdo infantil e adolescente,CANAL OFERTADO EM PACOTE,2001-04-01,PADRÃO,"BUENA VISTA INTERNATIONAL, INC",00.000.000/0000-00,Programadora Estrangeira,ESTADOS UNIDOS
88,DISNEY CHANNEL HD,6222.30002,Canal de espaço qualificado,Canal de conteúdo infantil e adolescente,CANAL OFERTADO EM PACOTE,2009-12-01,ALTA DEFINIÇÃO,"BUENA VISTA INTERNATIONAL, INC",00.000.000/0000-00,Programadora Estrangeira,ESTADOS UNIDOS
89,DREAMWORKS,50861.30001,Canal de espaço qualificado,Canal de conteúdo infantil e adolescente,CANAL OFERTADO EM PACOTE,2022-04-01,PADRÃO,"NBC UNIVERSAL GLOBAL NETWORKS LATIN AMERICA, LLC",00.000.000/0000-00,Programadora Estrangeira,ESTADOS UNIDOS
90,DREAMWORKS HD,50861.30002,Canal de espaço qualificado,Canal de conteúdo infantil e adolescente,CANAL OFERTADO EM PACOTE,2022-04-01,ALTA DEFINIÇÃO,"NBC UNIVERSAL GLOBAL NETWORKS LATIN AMERICA, LLC",00.000.000/0000-00,Programadora Estrangeira,ESTADOS UNIDOS
91,DUNAS TV,48772.30001,Canal de programação comum,Canal de conteúdo em geral,CANAL OFERTADO EM PACOTE,2021-04-01,ALTA DEFINIÇÃO,DUNAS TELECOMUNICAÇÕES LTDA,40.341.207/0001-44,"Programadora brasileira independente nos termos do art.17, §5º da Lei 12.485/2011",BRASIL
92,E! ENTERTAINMENT TELEVISION,22407.30001,Canal de espaço qualificado,Canal de conteúdo em geral,CANAL OFERTADO EM PACOTE,1997-06-01,PADRÃO,"E! BRAZIL DISTRIBUTION, LLC",00.000.000/0000-00,Programadora Estrangeira,ESTADOS UNIDOS
93,E! ENTERTAINMENT TELEVISION HD,22407.30002,Canal de espaço qualificado,Canal de conteúdo em geral,CANAL OFERTADO EM PACOTE,2016-09-01,ALTA DEFINIÇÃO,"E! BRAZIL DISTRIBUTION, LLC",00.000.000/0000-00,Programadora Estrangeira,ESTADOS UNIDOS
94,EMPREENDER,3293.30017,Canal de programação comum,Canal de conteúdo jornalístico,CANAL OFERTADO EM PACOTE,2022-07-05,ALTA DEFINIÇÃO,NEWCO PROGRAMADORA E PRODUTORA DE COMUNICACAO LTDA.,04.334.366/0001-58,Programadora brasileira,BRASIL
95,ESPN,653.30002,Canal de programação comum,Canal de conteúdo esportivo,CANAL OFERTADO EM PACOTE,1995-06-13,PADRÃO,ESPN DO BRASIL EVENTOS ESPORTIVOS LTDA.,00.637.277/0001-20,Programadora brasileira de capital estrangeiro,BRASIL
96,ESPN EXTRA HD,653.30006,Canal de programação comum,Canal de conteúdo esportivo,CANAL OFERTADO EM PACOTE,2016-03-01,ALTA DEFINIÇÃO,ESPN DO BRASIL EVENTOS ESPORTIVOS LTDA.,00.637.277/0001-20,Programadora brasileira de capital estrangeiro,BRASIL
97,ESPN HD,653.30004,Canal de programação comum,Canal de conteúdo esportivo,CANAL OFERTADO EM PACOTE,2012-08-01,ALTA DEFINIÇÃO,ESPN DO BRASIL EVENTOS ESPORTIVOS LTDA.,00.637.277/0001-20,Programadora brasileira de capital estrangeiro,BRASIL
98,ESPN 2,653.30001,Canal de programação comum,Canal de conteúdo esportivo,CANAL OFERTADO EM PACOTE,1989-10-01,PADRÃO,ESPN DO BRASIL EVENTOS ESPORTIVOS LTDA.,00.637.277/0001-20,Programadora brasileira de capital estrangeiro,BRASIL
99,ESPN 2 HD,653.30005,Canal de programação comum,Canal de conteúdo esportivo,CANAL OFERTADO EM PACOTE,2013-06-07,ALTA DEFINIÇÃO,ESPN DO BRASIL EVENTOS ESPORTIVOS LTDA.,00.637.277/0001-20,Programadora brasileira de capital estrangeiro,BRASIL
100,ESPN 3,653.30007,Canal de programação comum,Canal de conteúdo esportivo,CANAL OFERTADO EM PACOTE,2017-01-01,PADRÃO,ESPN DO BRASIL EVENTOS ESPORTIVOS LTDA.,00.637.277/0001-20,Programadora brasileira de capital estrangeiro,BRASIL
101,ESPN 3 HD,653.30003,Canal de programação comum,Canal de conteúdo esportivo,CANAL OFERTADO EM PACOTE,2009-04-29,ALTA DEFINIÇÃO,ESPN DO BRASIL EVENTOS ESPORTIVOS LTDA.,00.637.277/0001-20,Programadora brasileira de capital estrangeiro,BRASIL
102,ESPN 4,6276.30004,Canal de programação comum,Canal de conteúdo esportivo,CANAL OFERTADO EM PACOTE,2012-02-01,PADRÃO,TFCF LATIN AMERICAN CHANNEL LLC,00.000.000/0000-00,Programadora Estrangeira,ESTADOS UNIDOS
103,ESPN 4 HD,6276.30011,Canal de programação comum,Canal de conteúdo esportivo,CANAL OFERTADO EM PACOTE,2012-02-01,ALTA DEFINIÇÃO,TFCF LATIN AMERICAN CHANNEL LLC,00.000.000/0000-00,Programadora Estrangeira,ESTADOS UNIDOS
104,EUROCHANNEL,6214.30001,Canal de espaço qualificado,Canal de conteúdo em geral,CANAL OFERTADO EM PACOTE,2001-10-03,PADRÃO,"EUROCHANNEL, INC",00.000.000/0000-00,Programadora Estrangeira,ESTADOS UNIDOS
105,EURONEWS,30574.30001,Canal não adaptado ao mercado brasileiro,Canal de conteúdo em geral,"CANAL OFERTADO EM PACOTE, CANAL À LA CARTE, PAY-PER-VIEW",2015-08-04,PADRÃO,EURONEWS S.A.,00.000.000/0000-00,Programadora Estrangeira,FRANÇA
106,FASHION TV BRAZIL,4744.30007,Canal brasileiro de espaço qualificado,Canal de conteúdo em geral,CANAL OFERTADO EM PACOTE,2012-08-20,PADRÃO,PBI - PROGRAMADORA BRASILEIRA INDEPENDENTE S.A,07.254.174/0001-20,"Programadora brasileira independente nos termos do art.17, §5º da Lei 12.485/2011",BRASIL
107,FASHION TV BRAZIL HD,4744.30008,Canal brasileiro de espaço qualificado,Canal de conteúdo em geral,CANAL OFERTADO EM PACOTE,2015-07-01,ALTA DEFINIÇÃO,PBI - PROGRAMADORA BRASILEIRA INDEPENDENTE S.A,07.254.174/0001-20,"Programadora brasileira independente nos termos do art.17, §5º da Lei 12.485/2011",BRASIL
108,FILM & ARTS,6268.30001,Canal de espaço qualificado,Canal de conteúdo em geral,CANAL OFERTADO EM PACOTE,2018-06-01,PADRÃO,AMC NETWORKS ARGENTINA S.C.A.,00.000.000/0000-00,Programadora Estrangeira,ARGENTINA
109,FILM & ARTS HD,6268.30002,Canal de espaço qualificado,Canal de conteúdo em geral,CANAL OFERTADO EM PACOTE,2018-06-01,ALTA DEFINIÇÃO,AMC NETWORKS ARGENTINA S.C.A.,00.000.000/0000-00,Programadora Estrangeira,ARGENTINA
110,FISHTV,22269.30001,Canal brasileiro de espaço qualificado,Canal de conteúdo em geral,CANAL OFERTADO EM PACOTE,2012-06-29,PADRÃO,TUNNA ENTRETENIMENTO E AUDIOVISUAL LTDA,14.807.981/0001-98,"Programadora brasileira independente nos termos do art.17, §5º da Lei 12.485/2011",BRASIL
111,FISHTV HD,22269.30002,Canal brasileiro de espaço qualificado,Canal de conteúdo em geral,CANAL OFERTADO EM PACOTE,2018-02-01,ALTA DEFINIÇÃO,TUNNA ENTRETENIMENTO E AUDIOVISUAL LTDA,14.807.981/0001-98,"Programadora brasileira independente nos termos do art.17, §5º da Lei 12.485/2011",BRASIL
112,FOOD NETWORK,26039.30021,Canal de espaço qualificado,Canal de conteúdo em geral,CANAL OFERTADO EM PACOTE,2014-03-01,PADRÃO,"DISCOVERY NETWORKS, SL",00.000.000/0000-00,Programadora Estrangeira,ESPANHA
113,FOOD NETWORK HD,26039.30022,Canal de espaço qualificado,Canal de conteúdo em geral,CANAL OFERTADO EM PACOTE,2014-03-01,ALTA DEFINIÇÃO,"DISCOVERY NETWORKS, SL",00.000.000/0000-00,Programadora Estrangeira,ESPANHA
114,FOX SPORTS 2,6276.30012,Canal de programação comum,Canal de conteúdo esportivo,CANAL OFERTADO EM PACOTE,2014-01-01,PADRÃO,TFCF LATIN AMERICAN CHANNEL LLC,00.000.000/0000-00,Programadora Estrangeira,ESTADOS UNIDOS
115,FOX SPORTS 2 HD,6276.30013,Canal de programação comum,Canal de conteúdo esportivo,CANAL OFERTADO EM PACOTE,2014-01-01,ALTA DEFINIÇÃO,TFCF LATIN AMERICAN CHANNEL LLC,00.000.000/0000-00,Programadora Estrangeira,ESTADOS UNIDOS
116,FUEL TV,45297.30001,Canal de programação comum,Canal de conteúdo em geral,"CANAL OFERTADO EM PACOTE, CANAL À LA CARTE",2020-10-01,ALTA DEFINIÇÃO,FUEL TV EMEA S.A.,00.000.000/0000-00,Programadora Estrangeira,PORTUGAL
117,FX HD,6276.30016,Canal de espaço qualificado,Canal de conteúdo em geral,CANAL OFERTADO EM PACOTE,2014-06-02,ALTA DEFINIÇÃO,TFCF LATIN AMERICAN CHANNEL LLC,00.000.000/0000-00,Programadora Estrangeira,ESTADOS UNIDOS
118,GEN TV,37493.30001,Canal de programação comum,Canal de conteúdo em geral,CANAL OFERTADO EM PACOTE,2017-08-01,PADRÃO,TV SUL BRASIL LTDA ME,85.340.941/0001-27,"Programadora brasileira independente nos termos do art.17, §5º da Lei 12.485/2011",BRASIL
119,GLOBO NEWS,4727.30002,Canal de programação comum,Canal de conteúdo jornalístico,CANAL OFERTADO EM PACOTE,1996-10-15,PADRÃO,GLOBO COMUNICACAO E PARTICIPACOES S/A,27.865.757/0001-02,Programadora brasileira independente,BRASIL
120,GLOBO NEWS HD,4727.30003,Canal de programação comum,Canal de conteúdo jornalístico,CANAL OFERTADO EM PACOTE,2013-02-03,ALTA DEFINIÇÃO,GLOBO COMUNICACAO E PARTICIPACOES S/A,27.865.757/0001-02,Programadora brasileira independente,BRASIL
121,GLOOB,4727.30005,Canal de espaço qualificado,Canal de conteúdo infantil e adolescente,CANAL OFERTADO EM PACOTE,2020-01-01,PADRÃO,GLOBO COMUNICACAO E PARTICIPACOES S/A,27.865.757/0001-02,Programadora brasileira independente,BRASIL
122,GLOOB (EM HD),4727.30018,Canal de espaço qualificado,Canal de conteúdo infantil e adolescente,CANAL OFERTADO EM PACOTE,2020-01-01,ALTA DEFINIÇÃO,GLOBO COMUNICACAO E PARTICIPACOES S/A,27.865.757/0001-02,Programadora brasileira independente,BRASIL
123,GLOOBINHO,4727.30095,Canal de espaço qualificado,Canal de conteúdo infantil e adolescente,CANAL OFERTADO EM PACOTE,2020-01-01,ALTA DEFINIÇÃO,GLOBO COMUNICACAO E PARTICIPACOES S/A,27.865.757/0001-02,Programadora brasileira independente,BRASIL
124,GNT,4727.30006,Canal de espaço qualificado,Canal de conteúdo em geral,CANAL OFERTADO EM PACOTE,2020-01-01,PADRÃO,GLOBO COMUNICACAO E PARTICIPACOES S/A,27.865.757/0001-02,Programadora brasileira independente,BRASIL
125,GNT HD,4727.30014,Canal de espaço qualificado,Canal de conteúdo em geral,CANAL OFERTADO EM PACOTE,2020-01-01,ALTA DEFINIÇÃO,GLOBO COMUNICACAO E PARTICIPACOES S/A,27.865.757/0001-02,Programadora brasileira independente,BRASIL
126,HBO,22428.30001,Canal de espaço qualificado,Canal de conteúdo em geral,"CANAL OFERTADO EM PACOTE, CANAL À LA CARTE",1994-07-01,PADRÃO,"BRASIL PROGRAMMING, L.L.C",16.810.008/0001-53,Programadora Estrangeira,ESTADOS UNIDOS
127,HBO (EM HD),22428.30008,Canal de espaço qualificado,Canal de conteúdo em geral,"CANAL OFERTADO EM PACOTE, CANAL À LA CARTE",2009-04-01,ALTA DEFINIÇÃO,"BRASIL PROGRAMMING, L.L.C",16.810.008/0001-53,Programadora Estrangeira,ESTADOS UNIDOS
128,HBO FAMILY,22428.30004,Canal de espaço qualificado,Canal de conteúdo em geral,"CANAL OFERTADO EM PACOTE, CANAL À LA CARTE",2005-05-04,PADRÃO,"BRASIL PROGRAMMING, L.L.C",16.810.008/0001-53,Programadora Estrangeira,ESTADOS UNIDOS
129,HBO FAMILY (EM HD),22428.3001,Canal de espaço qualificado,Canal de conteúdo em geral,"CANAL OFERTADO EM PACOTE, CANAL À LA CARTE",2013-06-18,ALTA DEFINIÇÃO,"BRASIL PROGRAMMING, L.L.C",16.810.008/0001-53,Programadora Estrangeira,ESTADOS UNIDOS
130,HBO MUNDI,22429.30001,Canal de espaço qualificado,Canal de conteúdo em geral,"CANAL OFERTADO EM PACOTE, CANAL À LA CARTE",1997-10-01,PADRÃO,"BRASIL PRODUCTIONS, L.L.C",16.840.199/0001-04,Programadora Estrangeira,ESTADOS UNIDOS
131,HBO MUNDI HD,22429.30006,Canal de espaço qualificado,Canal de conteúdo em geral,"CANAL OFERTADO EM PACOTE, CANAL À LA CARTE",2014-09-26,ALTA DEFINIÇÃO,"BRASIL PRODUCTIONS, L.L.C",16.840.199/0001-04,Programadora Estrangeira,ESTADOS UNIDOS
132,HBO PLUS,22428.30003,Canal de espaço qualificado,Canal de conteúdo em geral,"CANAL OFERTADO EM PACOTE, CANAL À LA CARTE",2004-01-22,PADRÃO,"BRASIL PROGRAMMING, L.L.C",16.810.008/0001-53,Programadora Estrangeira,ESTADOS UNIDOS
133,HBO PLUS (EM HD),22428.30011,Canal de espaço qualificado,Canal de conteúdo em geral,"CANAL OFERTADO EM PACOTE, CANAL À LA CARTE",2013-06-18,ALTA DEFINIÇÃO,"BRASIL PROGRAMMING, L.L.C",16.810.008/0001-53,Programadora Estrangeira,ESTADOS UNIDOS
134,HBO POP,22429.30005,Canal de espaço qualificado,Canal de conteúdo em geral,"CANAL OFERTADO EM PACOTE, CANAL À LA CARTE",2010-06-01,PADRÃO,"BRASIL PRODUCTIONS, L.L.C",16.840.199/0001-04,Programadora Estrangeira,ESTADOS UNIDOS
135,HBO POP HD,22429.30002,Canal de espaço qualificado,Canal de conteúdo em geral,"CANAL OFERTADO EM PACOTE, CANAL À LA CARTE",2010-06-01,ALTA DEFINIÇÃO,"BRASIL PRODUCTIONS, L.L.C",16.840.199/0001-04,Programadora Estrangeira,ESTADOS UNIDOS
136,HBO SIGNATURE,22428.30005,Canal de espaço qualificado,Canal de conteúdo em geral,"CANAL OFERTADO EM PACOTE, CANAL À LA CARTE",2012-04-01,PADRÃO,"BRASIL PROGRAMMING, L.L.C",16.810.008/0001-53,Programadora Estrangeira,ESTADOS UNIDOS
137,HBO SIGNATURE (EM HD),22428.30012,Canal de espaço qualificado,Canal de conteúdo em geral,"CANAL OFERTADO EM PACOTE, CANAL À LA CARTE",2013-05-15,ALTA DEFINIÇÃO,"BRASIL PROGRAMMING, L.L.C",16.810.008/0001-53,Programadora Estrangeira,ESTADOS UNIDOS
138,HBO XTREME,22429.30003,Canal de espaço qualificado,Canal de conteúdo em geral,"CANAL OFERTADO EM PACOTE, CANAL À LA CARTE",2000-11-01,PADRÃO,"BRASIL PRODUCTIONS, L.L.C",16.840.199/0001-04,Programadora Estrangeira,ESTADOS UNIDOS
139,HBO XTREME HD,22429.30007,Canal de espaço qualificado,Canal de conteúdo em geral,"CANAL OFERTADO EM PACOTE, CANAL À LA CARTE",2014-09-26,ALTA DEFINIÇÃO,"BRASIL PRODUCTIONS, L.L.C",16.840.199/0001-04,Programadora Estrangeira,ESTADOS UNIDOS
140,HBO 2,22428.30002,Canal de espaço qualificado,Canal de conteúdo em geral,"CANAL OFERTADO EM PACOTE, CANAL À LA CARTE",1995-03-01,PADRÃO,"BRASIL PROGRAMMING, L.L.C",16.810.008/0001-53,Programadora Estrangeira,ESTADOS UNIDOS
141,HBO 2 (EM HD),22428.30009,Canal de espaço qualificado,Canal de conteúdo em geral,"CANAL OFERTADO EM PACOTE, CANAL À LA CARTE",2013-05-15,ALTA DEFINIÇÃO,"BRASIL PROGRAMMING, L.L.C",16.810.008/0001-53,Programadora Estrangeira,ESTADOS UNIDOS
142,HGTV HD,26039.30024,Canal de espaço qualificado,Canal de conteúdo em geral,CANAL OFERTADO EM PACOTE,2019-06-10,ALTA DEFINIÇÃO,"DISCOVERY NETWORKS, SL",00.000.000/0000-00,Programadora Estrangeira,ESPANHA
143,HGTV SD,26039.30023,Canal de espaço qualificado,Canal de conteúdo em geral,CANAL OFERTADO EM PACOTE,2019-06-10,PADRÃO,"DISCOVERY NETWORKS, SL",00.000.000/0000-00,Programadora Estrangeira,ESPANHA
144,H2,22399.30003,Canal de espaço qualificado,Canal de conteúdo em geral,CANAL OFERTADO EM PACOTE,2014-10-01,PADRÃO,"HISTORY CHANNEL BRAZIL DISTRIBUTION, LLC",00.000.000/0000-00,Programadora Estrangeira,ESTADOS UNIDOS
145,H2 HD,22399.30004,Canal de espaço qualificado,Canal de conteúdo em geral,CANAL OFERTADO EM PACOTE,2014-10-01,ALTA DEFINIÇÃO,"HISTORY CHANNEL BRAZIL DISTRIBUTION, LLC",00.000.000/0000-00,Programadora Estrangeira,ESTADOS UNIDOS
146,INVESTIGAÇÃO DISCOVERY,26039.30009,Canal de espaço qualificado,Canal de conteúdo em geral,CANAL OFERTADO EM PACOTE,2012-07-09,PADRÃO,"DISCOVERY NETWORKS, SL",00.000.000/0000-00,Programadora Estrangeira,ESPANHA
147,INVESTIGAÇÃO DISCOVERY HD,26039.30013,Canal de espaço qualificado,Canal de conteúdo em geral,CANAL OFERTADO EM PACOTE,2012-12-04,ALTA DEFINIÇÃO,"DISCOVERY NETWORKS, SL",00.000.000/0000-00,Programadora Estrangeira,ESPANHA
148,I-SAT SD,40403.30011,Canal de espaço qualificado,Canal de conteúdo em geral,CANAL OFERTADO EM PACOTE,2008-01-01,PADRÃO,"TURNER INTERNATIONAL LATIN AMERICA, INC",05.583.971/0001-25,Programadora Estrangeira,ESTADOS UNIDOS
149,JOVEM PAN NEWS,49723.30001,Canal de programação comum,Canal de conteúdo jornalístico,CANAL OFERTADO EM PACOTE,2021-10-27,ALTA DEFINIÇÃO,DIGITAL SEVEN PRODUTORA E DISTRIBUIDORA EIRELI,56.137.979/0001-07,"Programadora brasileira independente nos termos do art.17, §5º da Lei 12.485/2011",BRASIL
150,LIFETIME,27060.30001,Canal de espaço qualificado,Canal de conteúdo em geral,CANAL OFERTADO EM PACOTE,2014-07-01,PADRÃO,"LIFETIME BRAZIL DISTRIBUTION, LLC.",00.000.000/0000-00,Programadora Estrangeira,ESTADOS UNIDOS
151,LIFETIME HD,27060.30002,Canal de espaço qualificado,Canal de conteúdo em geral,CANAL OFERTADO EM PACOTE,2016-11-06,ALTA DEFINIÇÃO,"LIFETIME BRAZIL DISTRIBUTION, LLC.",00.000.000/0000-00,Programadora Estrangeira,ESTADOS UNIDOS
152,LIVETV,52686.30001,Canal de programação comum,Canal de televenda ou infomercial,CANAL OFERTADO EM PACOTE,2023-03-15,PADRÃO,ZIGON COMUNICACOES LTDA,00.589.639/0001-54,"Programadora brasileira independente nos termos do art.17, §5º da Lei 12.485/2011",BRASIL
153,MACAE TV,40335.30001,Canal de programação comum,Canal de conteúdo em geral,CANAL OFERTADO EM PACOTE,2018-03-01,ALTA DEFINIÇÃO,MACAÉ TV LTDA,14.185.374/0001-33,"Programadora brasileira independente nos termos do art.17, §5º da Lei 12.485/2011",BRASIL
154,MARKKET,4744.30011,Canal de programação comum,Canal de televenda ou infomercial,CANAL OFERTADO EM PACOTE,2022-03-01,PADRÃO,PBI - PROGRAMADORA BRASILEIRA INDEPENDENTE S.A,07.254.174/0001-20,"Programadora brasileira independente nos termos do art.17, §5º da Lei 12.485/2011",BRASIL
155,MARKKET HD,4744.30012,Canal de programação comum,Canal de televenda ou infomercial,CANAL OFERTADO EM PACOTE,2022-03-01,ALTA DEFINIÇÃO,PBI - PROGRAMADORA BRASILEIRA INDEPENDENTE S.A,07.254.174/0001-20,"Programadora brasileira independente nos termos do art.17, §5º da Lei 12.485/2011",BRASIL
156,MAS CHIC,6211.30001,Canal não adaptado ao mercado brasileiro,Canal de conteúdo em geral,CANAL OFERTADO EM PACOTE,2005-08-01,PADRÃO,AMC NETWORKS LATIN AMERICA LLC,06.147.448/0001-19,Programadora Estrangeira,ESTADOS UNIDOS
157,MASTER,20925.30001,Canal de programação comum,Canal de conteúdo em geral,CANAL OFERTADO EM PACOTE,2001-07-04,PADRÃO,PREDICIT COMUNICAÇÕES LTDA-ME,03.187.306/0001-97,"Programadora brasileira independente nos termos do art.17, §5º da Lei 12.485/2011",BRASIL
158,MEGAPIX,39.30012,Canal de espaço qualificado,Canal de conteúdo em geral,CANAL OFERTADO EM PACOTE,2008-07-01,PADRÃO,TELECINE PROGRAMACAO DE FILMES LTDA,00.252.848/0001-08,Programadora brasileira de capital estrangeiro,BRASIL
159,MEGAPIX HD,39.30013,Canal de espaço qualificado,Canal de conteúdo em geral,CANAL OFERTADO EM PACOTE,2010-08-01,ALTA DEFINIÇÃO,TELECINE PROGRAMACAO DE FILMES LTDA,00.252.848/0001-08,Programadora brasileira de capital estrangeiro,BRASIL
160,MODO VIAGEM,4727.30017,Canal brasileiro de espaço qualificado,Canal de conteúdo em geral,CANAL OFERTADO EM PACOTE,2020-01-01,PADRÃO,GLOBO COMUNICACAO E PARTICIPACOES S/A,27.865.757/0001-02,Programadora brasileira independente,BRASIL
161,MODO VIAGEM (HD),4727.30012,Canal brasileiro de espaço qualificado,Canal de conteúdo em geral,CANAL OFERTADO EM PACOTE,2020-01-01,ALTA DEFINIÇÃO,GLOBO COMUNICACAO E PARTICIPACOES S/A,27.865.757/0001-02,Programadora brasileira independente,BRASIL
162,MTV,6209.30009,Canal de espaço qualificado,Canal de conteúdo em geral,CANAL OFERTADO EM PACOTE,2013-10-01,PADRÃO,MTV NETWORKS LATIN AMERICA INC.,00.000.000/0000-00,Programadora Estrangeira,ESTADOS UNIDOS
163,MTV HD,6209.30011,Canal de espaço qualificado,Canal de conteúdo em geral,CANAL OFERTADO EM PACOTE,2013-10-01,ALTA DEFINIÇÃO,MTV NETWORKS LATIN AMERICA INC.,00.000.000/0000-00,Programadora Estrangeira,ESTADOS UNIDOS
164,MTV LIVE HD,6209.30016,Canal não adaptado ao mercado brasileiro,Canal de conteúdo videomusical,CANAL OFERTADO EM PACOTE,2018-07-15,ALTA DEFINIÇÃO,MTV NETWORKS LATIN AMERICA INC.,00.000.000/0000-00,Programadora Estrangeira,ESTADOS UNIDOS
165,MULTISHOW,4727.30119,Canal de espaço qualificado,Canal de conteúdo em geral,CANAL OFERTADO EM PACOTE,2020-01-01,PADRÃO,GLOBO COMUNICACAO E PARTICIPACOES S/A,27.865.757/0001-02,Programadora brasileira independente,BRASIL
166,MULTISHOW HD,4727.30021,Canal de espaço qualificado,Canal de conteúdo em geral,CANAL OFERTADO EM PACOTE,2020-01-01,ALTA DEFINIÇÃO,GLOBO COMUNICACAO E PARTICIPACOES S/A,27.865.757/0001-02,Programadora brasileira independente,BRASIL
167,MUSIC BOX BRAZIL,4744.30003,Canal brasileiro de espaço qualificado,Canal de conteúdo videomusical,CANAL OFERTADO EM PACOTE,2012-08-20,PADRÃO,PBI - PROGRAMADORA BRASILEIRA INDEPENDENTE S.A,07.254.174/0001-20,"Programadora brasileira independente nos termos do art.17, §5º da Lei 12.485/2011",BRASIL
168,MUSIC BOX BRAZIL HD,4744.30004,Canal brasileiro de espaço qualificado,Canal de conteúdo videomusical,CANAL OFERTADO EM PACOTE,2012-09-15,ALTA DEFINIÇÃO,PBI - PROGRAMADORA BRASILEIRA INDEPENDENTE S.A,07.254.174/0001-20,"Programadora brasileira independente nos termos do art.17, §5º da Lei 12.485/2011",BRASIL
169,NATIONAL GEOGRAPHIC,6276.30001,Canal de espaço qualificado,Canal de conteúdo em geral,CANAL OFERTADO EM PACOTE,2000-01-01,PADRÃO,TFCF LATIN AMERICAN CHANNEL LLC,00.000.000/0000-00,Programadora Estrangeira,ESTADOS UNIDOS
170,NATIONAL GEOGRAPHIC HD,6276.30017,Canal de espaço qualificado,Canal de conteúdo em geral,CANAL OFERTADO EM PACOTE,2014-06-02,ALTA DEFINIÇÃO,TFCF LATIN AMERICAN CHANNEL LLC,00.000.000/0000-00,Programadora Estrangeira,ESTADOS UNIDOS
171,NICK JR,6209.30003,Canal de espaço qualificado,Canal de conteúdo infantil e adolescente,CANAL OFERTADO EM PACOTE,2008-04-01,PADRÃO,MTV NETWORKS LATIN AMERICA INC.,00.000.000/0000-00,Programadora Estrangeira,ESTADOS UNIDOS
172,NICK JR HD,6209.30015,Canal de espaço qualificado,Canal de conteúdo infantil e adolescente,CANAL OFERTADO EM PACOTE,2017-06-01,ALTA DEFINIÇÃO,MTV NETWORKS LATIN AMERICA INC.,00.000.000/0000-00,Programadora Estrangeira,ESTADOS UNIDOS
173,NICKELODEON,6209.30001,Canal de espaço qualificado,Canal de conteúdo infantil e adolescente,CANAL OFERTADO EM PACOTE,1996-12-01,PADRÃO,MTV NETWORKS LATIN AMERICA INC.,00.000.000/0000-00,Programadora Estrangeira,ESTADOS UNIDOS
174,NICKELODEON HD,6209.30014,Canal de espaço qualificado,Canal de conteúdo infantil e adolescente,CANAL OFERTADO EM PACOTE,2015-07-17,ALTA DEFINIÇÃO,MTV NETWORKS LATIN AMERICA INC.,00.000.000/0000-00,Programadora Estrangeira,ESTADOS UNIDOS
175,NORDESTE FC 1 - HD,44181.30002,Canal de programação comum,Canal de conteúdo esportivo,CANAL À LA CARTE,2021-01-26,ALTA DEFINIÇÃO,LIVEMODE SERVICOS DIGITAIS S.A.,29.037.988/0001-45,"Programadora brasileira independente nos termos do art.17, §5º da Lei 12.485/2011",BRASIL
176,NORDESTE FC 1 - SD,44181.30001,Canal de programação comum,Canal de conteúdo esportivo,CANAL À LA CARTE,2021-01-26,PADRÃO,LIVEMODE SERVICOS DIGITAIS S.A.,29.037.988/0001-45,"Programadora brasileira independente nos termos do art.17, §5º da Lei 12.485/2011",BRASIL
177,NORDESTE FC 2 - HD,44181.30004,Canal de programação comum,Canal de conteúdo esportivo,CANAL À LA CARTE,2021-01-26,ALTA DEFINIÇÃO,LIVEMODE SERVICOS DIGITAIS S.A.,29.037.988/0001-45,"Programadora brasileira independente nos termos do art.17, §5º da Lei 12.485/2011",BRASIL
178,NORDESTE FC 2 - SD,44181.30003,Canal de programação comum,Canal de conteúdo esportivo,CANAL À LA CARTE,2021-01-26,PADRÃO,LIVEMODE SERVICOS DIGITAIS S.A.,29.037.988/0001-45,"Programadora brasileira independente nos termos do art.17, §5º da Lei 12.485/2011",BRASIL
179,NORDESTE FC 3 - HD,44181.30006,Canal de programação comum,Canal de conteúdo esportivo,CANAL À LA CARTE,2021-02-26,ALTA DEFINIÇÃO,LIVEMODE SERVICOS DIGITAIS S.A.,29.037.988/0001-45,"Programadora brasileira independente nos termos do art.17, §5º da Lei 12.485/2011",BRASIL
180,NORDESTE FC 3 - SD,44181.30005,Canal de programação comum,Canal de conteúdo esportivo,CANAL À LA CARTE,2021-02-26,PADRÃO,LIVEMODE SERVICOS DIGITAIS S.A.,29.037.988/0001-45,"Programadora brasileira independente nos termos do art.17, §5º da Lei 12.485/2011",BRASIL
181,NORDESTE FC 4 - HD,44181.30008,Canal de programação comum,Canal de conteúdo esportivo,CANAL À LA CARTE,2021-04-10,ALTA DEFINIÇÃO,LIVEMODE SERVICOS DIGITAIS S.A.,29.037.988/0001-45,"Programadora brasileira independente nos termos do art.17, §5º da Lei 12.485/2011",BRASIL
182,NORDESTE FC 4 - SD,44181.30007,Canal de programação comum,Canal de conteúdo esportivo,CANAL À LA CARTE,2021-04-10,PADRÃO,LIVEMODE SERVICOS DIGITAIS S.A.,29.037.988/0001-45,"Programadora brasileira independente nos termos do art.17, §5º da Lei 12.485/2011",BRASIL
183,NORDESTE FC 5 - HD,44181.3001,Canal de programação comum,Canal de conteúdo esportivo,CANAL À LA CARTE,2021-04-10,ALTA DEFINIÇÃO,LIVEMODE SERVICOS DIGITAIS S.A.,29.037.988/0001-45,"Programadora brasileira independente nos termos do art.17, §5º da Lei 12.485/2011",BRASIL
184,NORDESTE FC 5 - SD,44181.30009,Canal de programação comum,Canal de conteúdo esportivo,CANAL À LA CARTE,2021-04-10,PADRÃO,LIVEMODE SERVICOS DIGITAIS S.A.,29.037.988/0001-45,"Programadora brasileira independente nos termos do art.17, §5º da Lei 12.485/2011",BRASIL
185,NORDESTE FC 6 - HD,44181.30012,Canal de programação comum,Canal de conteúdo esportivo,CANAL À LA CARTE,2021-04-10,ALTA DEFINIÇÃO,LIVEMODE SERVICOS DIGITAIS S.A.,29.037.988/0001-45,"Programadora brasileira independente nos termos do art.17, §5º da Lei 12.485/2011",BRASIL
186,NORDESTE FC 6 - SD,44181.30011,Canal de programação comum,Canal de conteúdo esportivo,CANAL À LA CARTE,2021-04-10,PADRÃO,LIVEMODE SERVICOS DIGITAIS S.A.,29.037.988/0001-45,"Programadora brasileira independente nos termos do art.17, §5º da Lei 12.485/2011",BRASIL
187,NORDESTE FC 7 - HD,44181.30014,Canal de programação comum,Canal de conteúdo esportivo,CANAL À LA CARTE,2021-04-10,ALTA DEFINIÇÃO,LIVEMODE SERVICOS DIGITAIS S.A.,29.037.988/0001-45,"Programadora brasileira independente nos termos do art.17, §5º da Lei 12.485/2011",BRASIL
188,NORDESTE FC 7 - SD,44181.30013,Canal de programação comum,Canal de conteúdo esportivo,CANAL À LA CARTE,2021-04-10,PADRÃO,LIVEMODE SERVICOS DIGITAIS S.A.,29.037.988/0001-45,"Programadora brasileira independente nos termos do art.17, §5º da Lei 12.485/2011",BRASIL
189,NOSSA TV HD,42149.30002,Canal de programação comum,Canal de conteúdo em geral,CANAL OFERTADO EM PACOTE,2019-05-07,ALTA DEFINIÇÃO,COMUNICACAO MOSSOROENSE LTDA,08.626.106/0001-07,Sem Informação,BRASIL
190,NOSSA TV SD,42149.30001,Canal de programação comum,Canal de conteúdo em geral,CANAL OFERTADO EM PACOTE,2019-05-07,PADRÃO,COMUNICACAO MOSSOROENSE LTDA,08.626.106/0001-07,Sem Informação,BRASIL
191,NOSSO FUTEBOL HD,52458.30001,Canal de programação comum,Canal de conteúdo esportivo,"CANAL OFERTADO EM PACOTE, CANAL À LA CARTE, PAY-PER-VIEW",2023-05-19,ALTA DEFINIÇÃO,TRINTA CONSULTORIA EM ESPORTES LTDA,41.817.089/0001-60,"Programadora brasileira independente nos termos do art.17, §5º da Lei 12.485/2011",BRASIL
192,NOSSO FUTEBOL SD,52458.30002,Canal de programação comum,Canal de conteúdo esportivo,"CANAL OFERTADO EM PACOTE, CANAL À LA CARTE, PAY-PER-VIEW",2023-05-19,PADRÃO,TRINTA CONSULTORIA EM ESPORTES LTDA,41.817.089/0001-60,"Programadora brasileira independente nos termos do art.17, §5º da Lei 12.485/2011",BRASIL
193,NOVA TV,31188.30001,Canal de programação comum,Canal de conteúdo em geral,CANAL OFERTADO EM PACOTE,2016-08-31,ALTA DEFINIÇÃO,NOVIDADE TV LTDA ME,13.321.125/0001-65,"Programadora brasileira independente nos termos do art.17, §5º da Lei 12.485/2011",BRASIL
194,O CANAL DO CARRO,24874.30001,Canal de programação comum,Canal de televenda ou infomercial,CANAL OFERTADO EM PACOTE,2012-12-01,PADRÃO,SUPER CDMD COMÉRCIO DE VEÍCULOS AUTOMOTORES LTDA,07.950.180/0001-11,Sem Informação,BRASIL
195,OFF,4727.30121,Canal brasileiro de espaço qualificado,Canal de conteúdo em geral,CANAL OFERTADO EM PACOTE,2020-01-01,ALTA DEFINIÇÃO,GLOBO COMUNICACAO E PARTICIPACOES S/A,27.865.757/0001-02,Programadora brasileira independente,BRASIL
196,OFF (EM SD),4727.30015,Canal brasileiro de espaço qualificado,Canal de conteúdo em geral,CANAL OFERTADO EM PACOTE,2020-01-01,PADRÃO,GLOBO COMUNICACAO E PARTICIPACOES S/A,27.865.757/0001-02,Programadora brasileira independente,BRASIL
197,OLATV,36945.30001,Canal de programação comum,Canal de conteúdo em geral,CANAL OFERTADO EM PACOTE,2017-11-01,PADRÃO,CARLOS ALBERTO FREITAS MORENO DAS NEVES,13.934.762/0001-07,"Programadora brasileira independente nos termos do art.17, §5º da Lei 12.485/2011",BRASIL
198,ÓTV,21946.30001,Canal de programação comum,Canal de conteúdo em geral,"CANAL OFERTADO EM PACOTE, CANAL À LA CARTE",2011-04-19,PADRÃO,RPC MIDIA LTDA,09.517.512/0001-02,Programadora brasileira independente,BRASIL
199,PARAMOUNT NETWORKS,6209.30012,Canal de espaço qualificado,Canal de conteúdo em geral,CANAL OFERTADO EM PACOTE,2014-11-14,PADRÃO,MTV NETWORKS LATIN AMERICA INC.,00.000.000/0000-00,Programadora Estrangeira,ESTADOS UNIDOS
200,PARAMOUNT NETWORKS HD,6209.30013,Canal de espaço qualificado,Canal de conteúdo em geral,CANAL OFERTADO EM PACOTE,2014-11-14,ALTA DEFINIÇÃO,MTV NETWORKS LATIN AMERICA INC.,00.000.000/0000-00,Programadora Estrangeira,ESTADOS UNIDOS
201,PLAYBOY HD,13263.30007,Canal de programação comum,Canal de conteúdo erótico,"CANAL À LA CARTE, PAY-PER-VIEW",2017-04-28,ALTA DEFINIÇÃO,PB BRASIL ENTRETENIMENTO S/A,08.844.841/0001-97,Programadora brasileira de capital estrangeiro,BRASIL
202,PLAYBOY TV,13263.30003,Canal de programação comum,Canal de conteúdo erótico,"CANAL À LA CARTE, PAY-PER-VIEW",2007-07-04,PADRÃO,PB BRASIL ENTRETENIMENTO S/A,08.844.841/0001-97,Programadora brasileira de capital estrangeiro,BRASIL
203,PLAYTV,4931.30001,Canal brasileiro de espaço qualificado,Canal de conteúdo em geral,CANAL OFERTADO EM PACOTE,2008-10-21,PADRÃO,PLAYTV TELEVISÃO LTDA,07.121.705/0001-06,"Programadora brasileira independente nos termos do art.17, §5º da Lei 12.485/2011",BRASIL
204,PLAYTV HD,4931.30002,Canal brasileiro de espaço qualificado,Canal de conteúdo em geral,CANAL OFERTADO EM PACOTE,2023-06-20,ALTA DEFINIÇÃO,PLAYTV TELEVISÃO LTDA,07.121.705/0001-06,"Programadora brasileira independente nos termos do art.17, §5º da Lei 12.485/2011",BRASIL
205,POLISHOPTV 1,3190.30004,Canal de programação comum,Canal de televenda ou infomercial,CANAL OFERTADO EM PACOTE,2021-08-01,PADRÃO,POLIMPORT - COMERCIO E EXPORTACAO LTDA,00.436.042/0047-52,Sem Informação,BRASIL
206,POLISHOPTV 2,3190.30001,Canal de programação comum,Canal de televenda ou infomercial,CANAL OFERTADO EM PACOTE,2008-05-30,PADRÃO,POLIMPORT - COMERCIO E EXPORTACAO LTDA,00.436.042/0047-52,Sem Informação,BRASIL
207,PREMIERE CLUBES,4727.30011,Canal de programação comum,Canal de conteúdo esportivo,"CANAL OFERTADO EM PACOTE, CANAL À LA CARTE, PAY-PER-VIEW",2020-01-01,PADRÃO,GLOBO COMUNICACAO E PARTICIPACOES S/A,27.865.757/0001-02,Programadora brasileira independente,BRASIL
208,PREMIERE CLUBES HD,4727.30013,Canal de programação comum,Canal de conteúdo esportivo,"CANAL OFERTADO EM PACOTE, CANAL À LA CARTE, PAY-PER-VIEW",2020-01-01,ALTA DEFINIÇÃO,GLOBO COMUNICACAO E PARTICIPACOES S/A,27.865.757/0001-02,Programadora brasileira independente,BRASIL
209,PREMIERE 10,4727.30116,Canal de programação comum,Canal de conteúdo esportivo,"CANAL OFERTADO EM PACOTE, CANAL À LA CARTE, PAY-PER-VIEW",2020-01-01,PADRÃO,GLOBO COMUNICACAO E PARTICIPACOES S/A,27.865.757/0001-02,Programadora brasileira independente,BRASIL
210,PREMIERE 11,4727.30117,Canal de programação comum,Canal de conteúdo esportivo,"CANAL OFERTADO EM PACOTE, CANAL À LA CARTE, PAY-PER-VIEW",2020-01-01,PADRÃO,GLOBO COMUNICACAO E PARTICIPACOES S/A,27.865.757/0001-02,Programadora brasileira independente,BRASIL
211,PREMIERE 12,4727.30118,Canal de programação comum,Canal de conteúdo esportivo,"CANAL OFERTADO EM PACOTE, CANAL À LA CARTE, PAY-PER-VIEW",2020-01-01,PADRÃO,GLOBO COMUNICACAO E PARTICIPACOES S/A,27.865.757/0001-02,Programadora brasileira independente,BRASIL
212,PREMIERE 2,4727.30101,Canal de programação comum,Canal de conteúdo esportivo,"CANAL OFERTADO EM PACOTE, CANAL À LA CARTE, PAY-PER-VIEW",2020-01-01,PADRÃO,GLOBO COMUNICACAO E PARTICIPACOES S/A,27.865.757/0001-02,Programadora brasileira independente,BRASIL
213,PREMIERE 2 HD,4727.30102,Canal de programação comum,Canal de conteúdo esportivo,"CANAL OFERTADO EM PACOTE, CANAL À LA CARTE, PAY-PER-VIEW",2020-01-01,ALTA DEFINIÇÃO,GLOBO COMUNICACAO E PARTICIPACOES S/A,27.865.757/0001-02,Programadora brasileira independente,BRASIL
214,PREMIERE 3,4727.30103,Canal de programação comum,Canal de conteúdo esportivo,"CANAL OFERTADO EM PACOTE, CANAL À LA CARTE, PAY-PER-VIEW",2020-01-01,PADRÃO,GLOBO COMUNICACAO E PARTICIPACOES S/A,27.865.757/0001-02,Programadora brasileira independente,BRASIL
215,PREMIERE 3 HD,4727.30104,Canal de programação comum,Canal de conteúdo esportivo,"CANAL OFERTADO EM PACOTE, CANAL À LA CARTE, PAY-PER-VIEW",2020-01-01,ALTA DEFINIÇÃO,GLOBO COMUNICACAO E PARTICIPACOES S/A,27.865.757/0001-02,Programadora brasileira independente,BRASIL
216,PREMIERE 4,4727.30105,Canal de programação comum,Canal de conteúdo esportivo,"CANAL OFERTADO EM PACOTE, CANAL À LA CARTE, PAY-PER-VIEW",2020-01-01,PADRÃO,GLOBO COMUNICACAO E PARTICIPACOES S/A,27.865.757/0001-02,Programadora brasileira independente,BRASIL
217,PREMIERE 4 HD,4727.30106,Canal de programação comum,Canal de conteúdo esportivo,"CANAL OFERTADO EM PACOTE, CANAL À LA CARTE, PAY-PER-VIEW",2020-01-01,ALTA DEFINIÇÃO,GLOBO COMUNICACAO E PARTICIPACOES S/A,27.865.757/0001-02,Programadora brasileira independente,BRASIL
218,PREMIERE 5,4727.30107,Canal de programação comum,Canal de conteúdo esportivo,"CANAL OFERTADO EM PACOTE, CANAL À LA CARTE, PAY-PER-VIEW",2020-01-01,PADRÃO,GLOBO COMUNICACAO E PARTICIPACOES S/A,27.865.757/0001-02,Programadora brasileira independente,BRASIL
219,PREMIERE 5 HD,4727.30108,Canal de programação comum,Canal de conteúdo esportivo,"CANAL OFERTADO EM PACOTE, CANAL À LA CARTE, PAY-PER-VIEW",2020-01-01,ALTA DEFINIÇÃO,GLOBO COMUNICACAO E PARTICIPACOES S/A,27.865.757/0001-02,Programadora brasileira independente,BRASIL
220,PREMIERE 6,4727.30109,Canal de programação comum,Canal de conteúdo esportivo,"CANAL OFERTADO EM PACOTE, CANAL À LA CARTE, PAY-PER-VIEW",2020-01-01,PADRÃO,GLOBO COMUNICACAO E PARTICIPACOES S/A,27.865.757/0001-02,Programadora brasileira independente,BRASIL
221,PREMIERE 6 HD,4727.3011,Canal de programação comum,Canal de conteúdo esportivo,"CANAL OFERTADO EM PACOTE, CANAL À LA CARTE, PAY-PER-VIEW",2020-01-01,ALTA DEFINIÇÃO,GLOBO COMUNICACAO E PARTICIPACOES S/A,27.865.757/0001-02,Programadora brasileira independente,BRASIL
222,PREMIERE 7,4727.30111,Canal de programação comum,Canal de conteúdo esportivo,"CANAL OFERTADO EM PACOTE, CANAL À LA CARTE, PAY-PER-VIEW",2020-01-01,PADRÃO,GLOBO COMUNICACAO E PARTICIPACOES S/A,27.865.757/0001-02,Programadora brasileira independente,BRASIL
223,PREMIERE 7 HD,4727.30112,Canal de programação comum,Canal de conteúdo esportivo,"CANAL OFERTADO EM PACOTE, CANAL À LA CARTE, PAY-PER-VIEW",2020-01-01,ALTA DEFINIÇÃO,GLOBO COMUNICACAO E PARTICIPACOES S/A,27.865.757/0001-02,Programadora brasileira independente,BRASIL
224,PREMIERE 8,4727.30113,Canal de programação comum,Canal de conteúdo esportivo,"CANAL OFERTADO EM PACOTE, CANAL À LA CARTE, PAY-PER-VIEW",2020-01-01,PADRÃO,GLOBO COMUNICACAO E PARTICIPACOES S/A,27.865.757/0001-02,Programadora brasileira independente,BRASIL
225,PREMIERE 8 HD,4727.30114,Canal de programação comum,Canal de conteúdo esportivo,"CANAL OFERTADO EM PACOTE, CANAL À LA CARTE, PAY-PER-VIEW",2020-01-01,ALTA DEFINIÇÃO,GLOBO COMUNICACAO E PARTICIPACOES S/A,27.865.757/0001-02,Programadora brasileira independente,BRASIL
226,PREMIERE 9,4727.30115,Canal de programação comum,Canal de conteúdo esportivo,"CANAL OFERTADO EM PACOTE, CANAL À LA CARTE, PAY-PER-VIEW",2020-01-01,PADRÃO,GLOBO COMUNICACAO E PARTICIPACOES S/A,27.865.757/0001-02,Programadora brasileira independente,BRASIL
227,PRIME BOX BRAZIL,4744.30001,"Canal brasileiro de espaço qualificado nos termos do art. 17, §5º da lei 12.485/2011",Canal de conteúdo em geral,CANAL OFERTADO EM PACOTE,2011-09-05,PADRÃO,PBI - PROGRAMADORA BRASILEIRA INDEPENDENTE S.A,07.254.174/0001-20,"Programadora brasileira independente nos termos do art.17, §5º da Lei 12.485/2011",BRASIL
228,PRIME BOX BRAZIL HD,4744.30002,"Canal brasileiro de espaço qualificado nos termos do art. 17, §5º da lei 12.485/2011",Canal de conteúdo em geral,CANAL OFERTADO EM PACOTE,2011-09-05,ALTA DEFINIÇÃO,PBI - PROGRAMADORA BRASILEIRA INDEPENDENTE S.A,07.254.174/0001-20,"Programadora brasileira independente nos termos do art.17, §5º da Lei 12.485/2011",BRASIL
229,RAIO TV,47469.30001,Canal de programação comum,Canal de conteúdo em geral,CANAL OFERTADO EM PACOTE,2020-12-20,ALTA DEFINIÇÃO,RAIO SISTEMA DE RADIODIFUSAO EIRELI,25.465.239/0001-68,"Programadora brasileira independente nos termos do art.17, §5º da Lei 12.485/2011",BRASIL
230,RDC TV - REDE DIGITAL DE COMUNICAÇÃO,42572.30001,Canal de programação comum,Canal de conteúdo em geral,CANAL OFERTADO EM PACOTE,2018-07-02,PADRÃO,RDCTV REDE DIGITAL DE COMUNICAÇÃO LTDA,30.455.192/0001-91,"Programadora brasileira independente nos termos do art.17, §5º da Lei 12.485/2011",BRASIL
231,REAL TV HD,47057.30003,Canal de espaço qualificado,Canal de conteúdo em geral,CANAL OFERTADO EM PACOTE,2023-08-01,ALTA DEFINIÇÃO,STENNA INTERNATIONAL LLC,00.000.000/0000-00,Programadora Estrangeira,ESTADOS UNIDOS
232,REDE SUPER DE TELEVISÃO,30280.30001,Canal de programação comum,Canal de conteúdo em geral,CANAL OFERTADO EM PACOTE,2000-01-17,PADRÃO,CANAL 23 LTDA,03.602.062/0001-61,Sem Informação,BRASIL
233,REDE VERBO TV,49414.30001,Canal de programação comum,Canal de conteúdo religioso,CANAL OFERTADO EM PACOTE,2021-11-15,PADRÃO,REDE VERBO TV LTDA,42.920.854/0001-36,"Programadora brasileira independente nos termos do art.17, §5º da Lei 12.485/2011",BRASIL
234,REGIONAL TV,40400.30001,Canal de programação comum,Canal de conteúdo em geral,CANAL OFERTADO EM PACOTE,2019-04-18,ALTA DEFINIÇÃO,REGIONAL TV LTDA,30.778.571/0001-12,"Programadora brasileira independente nos termos do art.17, §5º da Lei 12.485/2011",BRASIL
235,RSTV,14526.30001,Canal de programação comum,Canal de conteúdo em geral,CANAL OFERTADO EM PACOTE,2006-05-05,PADRÃO,VALE EUROPEU TV LTDA,08.057.453/0001-66,Programadora brasileira independente,BRASIL
236,SABOR & ARTE,42455.30002,Canal de espaço qualificado,Canal de conteúdo em geral,CANAL OFERTADO EM PACOTE,2021-06-15,ALTA DEFINIÇÃO,ASTARTE PRODUTORA LTDA.,26.674.863/0001-38,Programadora brasileira independente,BRASIL
237,SERTÃO TV,43509.30001,Canal de programação comum,Canal de conteúdo em geral,CANAL OFERTADO EM PACOTE,2020-01-31,PADRÃO,SÉRGIO EDUARDO HOLANDA MACHADO ME,00.352.638/0001-91,"Programadora brasileira independente nos termos do art.17, §5º da Lei 12.485/2011",BRASIL
238,SESCTV,2295.30001,Canal de programação comum,Canal de conteúdo em geral,CANAL OFERTADO EM PACOTE,2006-05-02,PADRÃO,SERVICO SOCIAL DO COMERCIO - SESC - ADMINISTRACAO REGIONAL NO ESTADO DE SAO PAULO,03.667.884/0001-20,Sem Informação,BRASIL
239,SEXPRIVÊ,3293.30009,Canal de programação comum,Canal de conteúdo erótico,CANAL OFERTADO EM PACOTE,2009-03-01,PADRÃO,NEWCO PROGRAMADORA E PRODUTORA DE COMUNICACAO LTDA.,04.334.366/0001-58,Programadora brasileira,BRASIL
240,SEXTREME,13263.30006,Canal de programação comum,Canal de conteúdo erótico,"CANAL À LA CARTE, PAY-PER-VIEW",2011-08-27,PADRÃO,PB BRASIL ENTRETENIMENTO S/A,08.844.841/0001-97,Programadora brasileira de capital estrangeiro,BRASIL
241,SEXY HOT,13263.30002,Canal de programação comum,Canal de conteúdo erótico,"CANAL À LA CARTE, PAY-PER-VIEW",2007-07-04,PADRÃO,PB BRASIL ENTRETENIMENTO S/A,08.844.841/0001-97,Programadora brasileira de capital estrangeiro,BRASIL
242,SONY ENTERTAINMENT TELEVISION HD,22335.30002,Canal de espaço qualificado,Canal de conteúdo em geral,CANAL OFERTADO EM PACOTE,1995-09-01,ALTA DEFINIÇÃO,"SET BRAZIL, LLC",00.000.000/0000-00,Programadora Estrangeira,ESTADOS UNIDOS
243,SONY ENTERTEINMENT TELEVISION,22335.30001,Canal de espaço qualificado,Canal de conteúdo em geral,CANAL OFERTADO EM PACOTE,1995-09-01,PADRÃO,"SET BRAZIL, LLC",00.000.000/0000-00,Programadora Estrangeira,ESTADOS UNIDOS
244,SONY MOVIES HD,22335.30007,Canal de espaço qualificado,Canal de conteúdo em geral,CANAL OFERTADO EM PACOTE,2022-07-27,ALTA DEFINIÇÃO,"SET BRAZIL, LLC",00.000.000/0000-00,Programadora Estrangeira,ESTADOS UNIDOS
245,SONY MOVIES SD,22335.30006,Canal de espaço qualificado,Canal de conteúdo em geral,CANAL OFERTADO EM PACOTE,2022-07-27,PADRÃO,"SET BRAZIL, LLC",00.000.000/0000-00,Programadora Estrangeira,ESTADOS UNIDOS
246,SPACE,40403.30004,Canal de espaço qualificado,Canal de conteúdo em geral,CANAL OFERTADO EM PACOTE,2008-07-01,PADRÃO,"TURNER INTERNATIONAL LATIN AMERICA, INC",05.583.971/0001-25,Programadora Estrangeira,ESTADOS UNIDOS
247,SPACE HD,40403.30013,Canal de espaço qualificado,Canal de conteúdo em geral,CANAL OFERTADO EM PACOTE,2009-04-01,ALTA DEFINIÇÃO,"TURNER INTERNATIONAL LATIN AMERICA, INC",05.583.971/0001-25,Programadora Estrangeira,ESTADOS UNIDOS
248,SPORTV,4727.30007,Canal de programação comum,Canal de conteúdo esportivo,CANAL OFERTADO EM PACOTE,2020-01-01,PADRÃO,GLOBO COMUNICACAO E PARTICIPACOES S/A,27.865.757/0001-02,Programadora brasileira independente,BRASIL
249,SPORTV HD,4727.30019,Canal de programação comum,Canal de conteúdo esportivo,CANAL OFERTADO EM PACOTE,2020-01-01,ALTA DEFINIÇÃO,GLOBO COMUNICACAO E PARTICIPACOES S/A,27.865.757/0001-02,Programadora brasileira independente,BRASIL
250,SPORTV 2,4727.30008,Canal de programação comum,Canal de conteúdo esportivo,CANAL OFERTADO EM PACOTE,2020-01-01,PADRÃO,GLOBO COMUNICACAO E PARTICIPACOES S/A,27.865.757/0001-02,Programadora brasileira independente,BRASIL
251,SPORTV 2 HD,4727.3002,Canal de programação comum,Canal de conteúdo esportivo,CANAL OFERTADO EM PACOTE,2020-01-01,ALTA DEFINIÇÃO,GLOBO COMUNICACAO E PARTICIPACOES S/A,27.865.757/0001-02,Programadora brasileira independente,BRASIL
252,SPORTV 3,4727.30009,Canal de programação comum,Canal de conteúdo esportivo,CANAL OFERTADO EM PACOTE,2020-01-01,PADRÃO,GLOBO COMUNICACAO E PARTICIPACOES S/A,27.865.757/0001-02,Programadora brasileira independente,BRASIL
253,SPORTV 3 HD,4727.30023,Canal de programação comum,Canal de conteúdo esportivo,CANAL OFERTADO EM PACOTE,2020-01-01,ALTA DEFINIÇÃO,GLOBO COMUNICACAO E PARTICIPACOES S/A,27.865.757/0001-02,Programadora brasileira independente,BRASIL
254,SPORTV 4,4727.30024,Canal de programação comum,Canal de conteúdo esportivo,CANAL OFERTADO EM PACOTE,2020-01-01,PADRÃO,GLOBO COMUNICACAO E PARTICIPACOES S/A,27.865.757/0001-02,Programadora brasileira independente,BRASIL
255,SPORTV 4 HD,4727.30025,Canal de programação comum,Canal de conteúdo esportivo,CANAL OFERTADO EM PACOTE,2020-01-01,ALTA DEFINIÇÃO,GLOBO COMUNICACAO E PARTICIPACOES S/A,27.865.757/0001-02,Programadora brasileira independente,BRASIL
256,SPORTV 4K,4727.30094,Canal de programação comum,Canal de conteúdo esportivo,CANAL OFERTADO EM PACOTE,2020-01-01,ALTA DEFINIÇÃO,GLOBO COMUNICACAO E PARTICIPACOES S/A,27.865.757/0001-02,Programadora brasileira independente,BRASIL
257,SPORTV 5,4727.30026,Canal de programação comum,Canal de conteúdo esportivo,CANAL OFERTADO EM PACOTE,2020-01-01,PADRÃO,GLOBO COMUNICACAO E PARTICIPACOES S/A,27.865.757/0001-02,Programadora brasileira independente,BRASIL
258,SPORTV 5 HD,4727.30027,Canal de programação comum,Canal de conteúdo esportivo,CANAL OFERTADO EM PACOTE,2020-01-01,ALTA DEFINIÇÃO,GLOBO COMUNICACAO E PARTICIPACOES S/A,27.865.757/0001-02,Programadora brasileira independente,BRASIL
259,STAR CHANNEL,6276.30003,Canal de espaço qualificado,Canal de conteúdo em geral,CANAL OFERTADO EM PACOTE,1993-01-01,PADRÃO,TFCF LATIN AMERICAN CHANNEL LLC,00.000.000/0000-00,Programadora Estrangeira,ESTADOS UNIDOS
260,STAR CHANNEL HD,6276.30015,Canal de espaço qualificado,Canal de conteúdo em geral,CANAL OFERTADO EM PACOTE,2014-06-02,ALTA DEFINIÇÃO,TFCF LATIN AMERICAN CHANNEL LLC,00.000.000/0000-00,Programadora Estrangeira,ESTADOS UNIDOS
261,STUDIO UNIVERSAL,44.30002,Canal de espaço qualificado,Canal de conteúdo em geral,CANAL OFERTADO EM PACOTE,2012-05-11,PADRÃO,NBCUNIVERSAL NETWORKS INTERNATIONAL BRASIL PROGRAMADORA S/A,01.253.766/0001-40,Programadora brasileira de capital estrangeiro,BRASIL
262,STUDIO UNIVERSAL HD,44.30005,Canal de espaço qualificado,Canal de conteúdo em geral,CANAL OFERTADO EM PACOTE,2017-04-15,ALTA DEFINIÇÃO,NBCUNIVERSAL NETWORKS INTERNATIONAL BRASIL PROGRAMADORA S/A,01.253.766/0001-40,Programadora brasileira de capital estrangeiro,BRASIL
263,SUPER TV HD,37964.30001,Canal de programação comum,Canal de conteúdo em geral,"CANAL OFERTADO EM PACOTE, CANAL À LA CARTE",2017-11-13,ALTA DEFINIÇÃO,SUPER TV HD LTDA,28.842.875/0001-50,Programadora brasileira,BRASIL
264,SYFY,44.30003,Canal de espaço qualificado,Canal de conteúdo em geral,CANAL OFERTADO EM PACOTE,2012-05-11,PADRÃO,NBCUNIVERSAL NETWORKS INTERNATIONAL BRASIL PROGRAMADORA S/A,01.253.766/0001-40,Programadora brasileira de capital estrangeiro,BRASIL
265,SYFY HD,44.30006,Canal de espaço qualificado,Canal de conteúdo em geral,CANAL OFERTADO EM PACOTE,2017-04-15,ALTA DEFINIÇÃO,NBCUNIVERSAL NETWORKS INTERNATIONAL BRASIL PROGRAMADORA S/A,01.253.766/0001-40,Programadora brasileira de capital estrangeiro,BRASIL
266,TBS HD,40403.30008,Canal de espaço qualificado,Canal de conteúdo em geral,CANAL OFERTADO EM PACOTE,2012-01-16,ALTA DEFINIÇÃO,"TURNER INTERNATIONAL LATIN AMERICA, INC",05.583.971/0001-25,Programadora Estrangeira,ESTADOS UNIDOS
267,TBS SD,40403.30012,Canal de espaço qualificado,Canal de conteúdo em geral,CANAL OFERTADO EM PACOTE,2012-01-16,PADRÃO,"TURNER INTERNATIONAL LATIN AMERICA, INC",05.583.971/0001-25,Programadora Estrangeira,ESTADOS UNIDOS
268,TCM,40403.30007,Canal de espaço qualificado,Canal de conteúdo em geral,CANAL OFERTADO EM PACOTE,2009-01-01,PADRÃO,"TURNER INTERNATIONAL LATIN AMERICA, INC",05.583.971/0001-25,Programadora Estrangeira,ESTADOS UNIDOS
269,TELECINE ACTION,39.30002,Canal de espaço qualificado,Canal de conteúdo em geral,CANAL OFERTADO EM PACOTE,2000-10-01,PADRÃO,TELECINE PROGRAMACAO DE FILMES LTDA,00.252.848/0001-08,Programadora brasileira de capital estrangeiro,BRASIL
270,TELECINE ACTION HD,39.30009,Canal de espaço qualificado,Canal de conteúdo em geral,CANAL OFERTADO EM PACOTE,2010-11-01,ALTA DEFINIÇÃO,TELECINE PROGRAMACAO DE FILMES LTDA,00.252.848/0001-08,Programadora brasileira de capital estrangeiro,BRASIL
271,TELECINE CULT,39.30006,Canal de espaço qualificado,Canal de conteúdo em geral,CANAL OFERTADO EM PACOTE,2005-11-01,PADRÃO,TELECINE PROGRAMACAO DE FILMES LTDA,00.252.848/0001-08,Programadora brasileira de capital estrangeiro,BRASIL
272,TELECINE CULT HD,39.30014,Canal de espaço qualificado,Canal de conteúdo em geral,CANAL OFERTADO EM PACOTE,2012-12-01,ALTA DEFINIÇÃO,TELECINE PROGRAMACAO DE FILMES LTDA,00.252.848/0001-08,Programadora brasileira de capital estrangeiro,BRASIL
273,TELECINE FUN,39.30004,Canal de espaço qualificado,Canal de conteúdo em geral,CANAL OFERTADO EM PACOTE,2010-10-01,PADRÃO,TELECINE PROGRAMACAO DE FILMES LTDA,00.252.848/0001-08,Programadora brasileira de capital estrangeiro,BRASIL
274,TELECINE FUN HD,39.3001,Canal de espaço qualificado,Canal de conteúdo em geral,CANAL OFERTADO EM PACOTE,2011-11-01,ALTA DEFINIÇÃO,TELECINE PROGRAMACAO DE FILMES LTDA,00.252.848/0001-08,Programadora brasileira de capital estrangeiro,BRASIL
275,TELECINE PIPOCA,39.30005,Canal de espaço qualificado,Canal de conteúdo em geral,CANAL OFERTADO EM PACOTE,2004-10-01,PADRÃO,TELECINE PROGRAMACAO DE FILMES LTDA,00.252.848/0001-08,Programadora brasileira de capital estrangeiro,BRASIL
276,TELECINE PIPOCA HD,39.30008,Canal de espaço qualificado,Canal de conteúdo em geral,CANAL OFERTADO EM PACOTE,2010-01-01,ALTA DEFINIÇÃO,TELECINE PROGRAMACAO DE FILMES LTDA,00.252.848/0001-08,Programadora brasileira de capital estrangeiro,BRASIL
277,TELECINE PREMIUM,39.30001,Canal de espaço qualificado,Canal de conteúdo em geral,CANAL OFERTADO EM PACOTE,2000-10-01,PADRÃO,TELECINE PROGRAMACAO DE FILMES LTDA,00.252.848/0001-08,Programadora brasileira de capital estrangeiro,BRASIL
278,TELECINE PREMIUM HD,39.30007,Canal de espaço qualificado,Canal de conteúdo em geral,CANAL OFERTADO EM PACOTE,2009-05-01,ALTA DEFINIÇÃO,TELECINE PROGRAMACAO DE FILMES LTDA,00.252.848/0001-08,Programadora brasileira de capital estrangeiro,BRASIL
279,TELECINE TOUCH,39.30003,Canal de espaço qualificado,Canal de conteúdo em geral,CANAL OFERTADO EM PACOTE,2010-10-01,PADRÃO,TELECINE PROGRAMACAO DE FILMES LTDA,00.252.848/0001-08,Programadora brasileira de capital estrangeiro,BRASIL
280,TELECINE TOUCH HD,39.30011,Canal de espaço qualificado,Canal de conteúdo em geral,CANAL OFERTADO EM PACOTE,2011-11-01,ALTA DEFINIÇÃO,TELECINE PROGRAMACAO DE FILMES LTDA,00.252.848/0001-08,Programadora brasileira de capital estrangeiro,BRASIL
281,TERRA VIVA,3293.3001,Canal de programação comum,Canal de televenda ou infomercial,CANAL OFERTADO EM PACOTE,2005-06-27,PADRÃO,NEWCO PROGRAMADORA E PRODUTORA DE COMUNICACAO LTDA.,04.334.366/0001-58,Programadora brasileira,BRASIL
282,THC - THE HISTORY CHANNEL,22399.30001,Canal de espaço qualificado,Canal de conteúdo em geral,CANAL OFERTADO EM PACOTE,2001-10-01,PADRÃO,"HISTORY CHANNEL BRAZIL DISTRIBUTION, LLC",00.000.000/0000-00,Programadora Estrangeira,ESTADOS UNIDOS
283,THC - THE HISTORY CHANNEL HD,22399.30002,Canal de espaço qualificado,Canal de conteúdo em geral,CANAL OFERTADO EM PACOTE,2010-12-01,ALTA DEFINIÇÃO,"HISTORY CHANNEL BRAZIL DISTRIBUTION, LLC",00.000.000/0000-00,Programadora Estrangeira,ESTADOS UNIDOS
284,THINK TV,46371.30001,Canal de programação comum,Canal de televenda ou infomercial,CANAL OFERTADO EM PACOTE,2019-10-01,ALTA DEFINIÇÃO,RCBG LATSCH CANAL DE TELEVISAO LTDA,34.337.977/0001-10,Programadora brasileira,BRASIL
285,TLC,26039.3001,Canal de espaço qualificado,Canal de conteúdo em geral,CANAL OFERTADO EM PACOTE,2011-11-01,PADRÃO,"DISCOVERY NETWORKS, SL",00.000.000/0000-00,Programadora Estrangeira,ESPANHA
286,TLC HD,26039.30017,Canal de espaço qualificado,Canal de conteúdo em geral,CANAL OFERTADO EM PACOTE,2015-03-16,ALTA DEFINIÇÃO,"DISCOVERY NETWORKS, SL",00.000.000/0000-00,Programadora Estrangeira,ESPANHA
287,TNT,40403.30003,Canal de espaço qualificado,Canal de conteúdo em geral,CANAL OFERTADO EM PACOTE,1999-09-01,PADRÃO,"TURNER INTERNATIONAL LATIN AMERICA, INC",05.583.971/0001-25,Programadora Estrangeira,ESTADOS UNIDOS
288,TNT HD,40403.30015,Canal de espaço qualificado,Canal de conteúdo em geral,CANAL OFERTADO EM PACOTE,2009-04-01,ALTA DEFINIÇÃO,"TURNER INTERNATIONAL LATIN AMERICA, INC",05.583.971/0001-25,Programadora Estrangeira,ESTADOS UNIDOS
289,TNT SÉRIES HD,40403.30018,Canal de espaço qualificado,Canal de conteúdo em geral,CANAL OFERTADO EM PACOTE,2015-04-01,ALTA DEFINIÇÃO,"TURNER INTERNATIONAL LATIN AMERICA, INC",05.583.971/0001-25,Programadora Estrangeira,ESTADOS UNIDOS
290,TNT SÉRIES SD,40403.30017,Canal de espaço qualificado,Canal de conteúdo em geral,CANAL OFERTADO EM PACOTE,2015-04-01,PADRÃO,"TURNER INTERNATIONAL LATIN AMERICA, INC",05.583.971/0001-25,Programadora Estrangeira,ESTADOS UNIDOS
291,TOONCAST,40403.3001,Canal de espaço qualificado,Canal de conteúdo infantil e adolescente,CANAL OFERTADO EM PACOTE,2008-12-01,PADRÃO,"TURNER INTERNATIONAL LATIN AMERICA, INC",05.583.971/0001-25,Programadora Estrangeira,ESTADOS UNIDOS
292,TRACE BRAZUCA,45497.30001,Canal de espaço qualificado,Canal de conteúdo videomusical,CANAL OFERTADO EM PACOTE,2020-07-25,ALTA DEFINIÇÃO,TRACE GLOBAL,35.421.267/0001-37,Programadora Estrangeira,FRANÇA
293,TRADE TV,51885.30001,Canal de programação comum,Canal de televenda ou infomercial,CANAL OFERTADO EM PACOTE,2022-06-05,ALTA DEFINIÇÃO,TRADE TV LTDA,46.174.704/0001-81,"Programadora brasileira independente nos termos do art.17, §5º da Lei 12.485/2011",BRASIL
294,TRAVEL BOX BRAZIL,4744.30005,Canal brasileiro de espaço qualificado,Canal de conteúdo em geral,CANAL OFERTADO EM PACOTE,2012-08-20,PADRÃO,PBI - PROGRAMADORA BRASILEIRA INDEPENDENTE S.A,07.254.174/0001-20,"Programadora brasileira independente nos termos do art.17, §5º da Lei 12.485/2011",BRASIL
295,TRAVEL BOX BRAZIL HD,4744.30006,Canal brasileiro de espaço qualificado,Canal de conteúdo em geral,CANAL OFERTADO EM PACOTE,2015-07-01,ALTA DEFINIÇÃO,PBI - PROGRAMADORA BRASILEIRA INDEPENDENTE S.A,07.254.174/0001-20,"Programadora brasileira independente nos termos do art.17, §5º da Lei 12.485/2011",BRASIL
296,TRIP BRASIL,16559.30001,Canal brasileiro de espaço qualificado,Canal de conteúdo em geral,CANAL OFERTADO EM PACOTE,2020-03-01,ALTA DEFINIÇÃO,DIGITAL BRASIL TV SOLUÇÕES MULTIMIDIAS LTDA.,09.622.474/0001-40,"Programadora brasileira independente nos termos do art.17, §5º da Lei 12.485/2011",BRASIL
297,TRU TV HD,40403.30014,Canal de espaço qualificado,Canal de conteúdo em geral,CANAL OFERTADO EM PACOTE,2010-07-01,ALTA DEFINIÇÃO,"TURNER INTERNATIONAL LATIN AMERICA, INC",05.583.971/0001-25,Programadora Estrangeira,ESTADOS UNIDOS
298,TRU TV SD,40403.30009,Canal de espaço qualificado,Canal de conteúdo em geral,CANAL OFERTADO EM PACOTE,2009-04-01,PADRÃO,"TURNER INTERNATIONAL LATIN AMERICA, INC",05.583.971/0001-25,Programadora Estrangeira,ESTADOS UNIDOS
299,TV AMBIENTAL,50505.30001,Canal de programação comum,Canal de conteúdo jornalístico,CANAL OFERTADO EM PACOTE,2019-04-08,ALTA DEFINIÇÃO,AVL PRODUÇÕES LTDA,27.329.556/0001-82,"Programadora brasileira independente nos termos do art.17, §5º da Lei 12.485/2011",BRASIL
300,TV AVIVANDO NAÇÕES,49360.30001,Canal de programação comum,Canal de conteúdo religioso,CANAL OFERTADO EM PACOTE,2021-06-04,ALTA DEFINIÇÃO,MARCIA MORGANA BEZERRA DA SILVA LUCIANO,42.220.755/0001-41,"Programadora brasileira independente nos termos do art.17, §5º da Lei 12.485/2011",BRASIL
301,TV BRUSQUE,46126.30001,Canal de programação comum,Canal de conteúdo em geral,CANAL OFERTADO EM PACOTE,2002-06-10,PADRÃO,EMPRESA BRUSQUENSE DE COMUNICAÇÃO LTDA.,05.124.438/0001-03,"Programadora brasileira independente nos termos do art.17, §5º da Lei 12.485/2011",BRASIL
302,TV CARIRI,40970.30001,Canal de programação comum,Canal de conteúdo em geral,CANAL OFERTADO EM PACOTE,2019-08-22,ALTA DEFINIÇÃO,L. SOARES MARTINS,20.123.556/0001-82,"Programadora brasileira independente nos termos do art.17, §5º da Lei 12.485/2011",BRASIL
303,TV CENTRO SUL,44473.30001,Canal de programação comum,Canal de conteúdo em geral,CANAL OFERTADO EM PACOTE,2019-05-03,ALTA DEFINIÇÃO,SISTEMA VOZ CENTRO SUL LTDA,31.248.895/0001-01,"Programadora brasileira independente nos termos do art.17, §5º da Lei 12.485/2011",BRASIL
304,TV CIDADE CANAL 9 - TERESÓPOLIS,14091.30001,Canal de programação comum,Canal de conteúdo em geral,CANAL OFERTADO EM PACOTE,2002-09-07,PADRÃO,RGS PUBLICIDADE EIRELI,30.918.049/0001-99,"Programadora brasileira independente nos termos do art.17, §5º da Lei 12.485/2011",BRASIL
305,TV CIDADE OESTE,38723.30001,Canal de programação comum,Canal de conteúdo em geral,"CANAL OFERTADO EM PACOTE, CANAL À LA CARTE",2018-02-01,PADRÃO,LEMBRANÇA WEB RÁDIO E TV LTDA.-ME,11.244.074/0001-90,"Programadora brasileira independente nos termos do art.17, §5º da Lei 12.485/2011",BRASIL
306,TV CLIMATEMPO,12362.30001,Canal brasileiro de espaço qualificado,Canal de conteúdo em geral,CANAL OFERTADO EM PACOTE,1999-08-10,PADRÃO,TV METEOROLÓGICA LTDA,03.595.286/0001-93,"Programadora brasileira independente nos termos do art.17, §5º da Lei 12.485/2011",BRASIL
307,TV DIÁRIO DO SERTÃO,39903.30001,Canal de programação comum,Canal de conteúdo jornalístico,CANAL OFERTADO EM PACOTE,2018-08-01,PADRÃO,SISTEMA DE COMUNICACAO DIARIO LTDA,11.694.678/0001-38,"Programadora brasileira independente nos termos do art.17, §5º da Lei 12.485/2011",BRASIL
308,TV ERECHIM,17382.30001,Canal de programação comum,Canal de conteúdo em geral,"CANAL OFERTADO EM PACOTE, CANAL À LA CARTE",2008-08-04,PADRÃO,LD PRODUÇÕES PUBLICITARIAS LTDA,10.335.427/0001-02,"Programadora brasileira independente nos termos do art.17, §5º da Lei 12.485/2011",BRASIL
309,TV GAZETA RN,26981.30001,Canal de programação comum,Canal de conteúdo em geral,CANAL OFERTADO EM PACOTE,2015-08-10,PADRÃO,TELEVISÃO RIO GRANDE DO NORTE EIRELI,19.924.934/0001-48,Sem Informação,BRASIL
310,TV GUIA LOCAL,17050.30001,Canal de programação comum,Canal de televenda ou infomercial,CANAL OFERTADO EM PACOTE,2007-01-01,PADRÃO,V.B. MOTER PRODUÇÕES DE VIDEO,07.031.220/0001-21,"Programadora brasileira independente nos termos do art.17, §5º da Lei 12.485/2011",BRASIL
311,TV JAGUÁ NEWS,52855.30001,Canal de programação comum,Canal de conteúdo em geral,CANAL OFERTADO EM PACOTE,2023-01-18,ALTA DEFINIÇÃO,SM BRASIL DE COMUNICACAO LTDA,29.284.918/0001-91,"Programadora brasileira independente nos termos do art.17, §5º da Lei 12.485/2011",BRASIL
312,TV JAGUAR,49484.30001,Canal de programação comum,Canal de conteúdo em geral,CANAL OFERTADO EM PACOTE,2021-09-20,ALTA DEFINIÇÃO,R. LOPES DA COSTA AMARAL,10.489.198/0001-72,"Programadora brasileira independente nos termos do art.17, §5º da Lei 12.485/2011",BRASIL
313,TV KURTIÇÃO,38917.30001,Canal de programação comum,Canal de conteúdo em geral,CANAL OFERTADO EM PACOTE,2019-08-14,ALTA DEFINIÇÃO,QUEIROGA & MEDEIROS LTDA - ME,07.651.720/0001-66,"Programadora brasileira independente nos termos do art.17, §5º da Lei 12.485/2011",BRASIL
314,TV METROPOLITANO,24033.30001,Canal de programação comum,Canal de conteúdo em geral,CANAL OFERTADO EM PACOTE,2013-06-01,PADRÃO,TELEVISÃO METROPOLITANO EIRELI,17.845.847/0001-70,"Programadora brasileira independente nos termos do art.17, §5º da Lei 12.485/2011",BRASIL
315,TV NORDESTINA,44577.30001,Canal de programação comum,Canal de conteúdo em geral,CANAL OFERTADO EM PACOTE,2019-12-01,ALTA DEFINIÇÃO,JOSE ABILIO FELIX DE FIGUEIREDO,17.392.307/0001-88,"Programadora brasileira independente nos termos do art.17, §5º da Lei 12.485/2011",BRASIL
316,TV NOVO TEMPO,13379.30001,Canal de programação comum,Canal de conteúdo religioso,CANAL OFERTADO EM PACOTE,2008-05-30,PADRÃO,REDE NOVO TEMPO DE COMUNICACAO,01.385.423/0001-30,Programadora brasileira,BRASIL
317,TV OOPS,42606.30001,Canal de programação comum,Canal de conteúdo em geral,CANAL OFERTADO EM PACOTE,2018-01-01,ALTA DEFINIÇÃO,TNC SISTEMAS DE TELECOMUNICAÇÕES LTDA,27.170.742/0001-11,Programadora brasileira,BRASIL
318,TV OTIMISTA,46268.30001,Canal de programação comum,Canal de conteúdo em geral,CANAL OFERTADO EM PACOTE,2020-10-18,ALTA DEFINIÇÃO,O OTIMISTA SERVICO DE COMUNICACAO EIRELI,02.553.273/0001-99,"Programadora brasileira independente nos termos do art.17, §5º da Lei 12.485/2011",BRASIL
319,TV PADRE CICERO,38809.30001,Canal de programação comum,Canal de conteúdo em geral,CANAL OFERTADO EM PACOTE,2018-01-09,ALTA DEFINIÇÃO,FUNDACÃO PADRE CÍCERO DE TELEVISÃO,04.175.120/0001-80,Sem Informação,BRASIL
320,TV RÁ TIM BUM!,1125.30001,Canal brasileiro de espaço qualificado,Canal de conteúdo infantil e adolescente,CANAL OFERTADO EM PACOTE,2004-12-12,PADRÃO,FUND PE ANCHIETA CENTRO PAULISTA RADIO E TV EDUCATIVAS,61.914.891/0001-86,Programadora brasileira independente,BRASIL
321,TV RÁ TIM BUM HD,1125.30002,Canal brasileiro de espaço qualificado,Canal de conteúdo infantil e adolescente,CANAL OFERTADO EM PACOTE,2016-12-19,ALTA DEFINIÇÃO,FUND PE ANCHIETA CENTRO PAULISTA RADIO E TV EDUCATIVAS,61.914.891/0001-86,Programadora brasileira independente,BRASIL
322,TV SUPREN,4619.30001,Canal de programação comum,Canal de conteúdo em geral,CANAL OFERTADO EM PACOTE,2007-12-01,PADRÃO,UNIÃO PLANETÁRIA,02.755.157/0001-52,Sem Informação,BRASIL
323,TV UNIÃO DE NATAL,22468.30001,Canal de programação comum,Canal de conteúdo em geral,CANAL OFERTADO EM PACOTE,2003-03-31,PADRÃO,WMW ENTRETENIMENTO LTDA,01.884.833/0001-25,Programadora brasileira independente,BRASIL
324,TVI,17618.30001,Canal de programação comum,Canal de conteúdo em geral,CANAL OFERTADO EM PACOTE,2005-01-17,PADRÃO,AÇÃO PROGRAMADORA DE CANAIS INDEPENDENTES LTDA - ME,08.594.668/0001-16,"Programadora brasileira independente nos termos do art.17, §5º da Lei 12.485/2011",BRASIL
325,TV5 MONDE,6269.30001,Canal não adaptado ao mercado brasileiro,Canal de conteúdo em geral,"CANAL OFERTADO EM PACOTE, CANAL À LA CARTE",1996-04-15,PADRÃO,TV5 MONDE,00.000.000/0000-00,Programadora Estrangeira,FRANÇA
326,UNIVERSAL TV,44.30001,Canal de espaço qualificado,Canal de conteúdo em geral,CANAL OFERTADO EM PACOTE,1996-05-10,PADRÃO,NBCUNIVERSAL NETWORKS INTERNATIONAL BRASIL PROGRAMADORA S/A,01.253.766/0001-40,Programadora brasileira de capital estrangeiro,BRASIL
327,UNIVERSAL TV HD,44.30004,Canal de espaço qualificado,Canal de conteúdo em geral,CANAL OFERTADO EM PACOTE,2013-07-01,ALTA DEFINIÇÃO,NBCUNIVERSAL NETWORKS INTERNATIONAL BRASIL PROGRAMADORA S/A,01.253.766/0001-40,Programadora brasileira de capital estrangeiro,BRASIL
328,URBAN TV,45652.30001,Canal de programação comum,Canal de conteúdo em geral,CANAL OFERTADO EM PACOTE,2020-01-20,PADRÃO,URBAN TV BRASIL COMUNICAÇÕES LTDA.,36.332.833/0001-05,"Programadora brasileira independente nos termos do art.17, §5º da Lei 12.485/2011",BRASIL
329,VENUS,13263.30004,Canal de programação comum,Canal de conteúdo erótico,"CANAL À LA CARTE, PAY-PER-VIEW",2008-12-10,PADRÃO,PB BRASIL ENTRETENIMENTO S/A,08.844.841/0001-97,Programadora brasileira de capital estrangeiro,BRASIL
330,VH1 HD,6209.30006,Canal não adaptado ao mercado brasileiro,Canal de conteúdo videomusical,CANAL OFERTADO EM PACOTE,2009-12-01,ALTA DEFINIÇÃO,MTV NETWORKS LATIN AMERICA INC.,00.000.000/0000-00,Programadora Estrangeira,ESTADOS UNIDOS
331,VH1 MEGAHITS,6209.30005,Canal não adaptado ao mercado brasileiro,Canal de conteúdo videomusical,CANAL OFERTADO EM PACOTE,2010-01-31,PADRÃO,MTV NETWORKS LATIN AMERICA INC.,00.000.000/0000-00,Programadora Estrangeira,ESTADOS UNIDOS
332,VINTV,42577.30001,Canal de programação comum,Canal de conteúdo em geral,CANAL OFERTADO EM PACOTE,2019-01-01,PADRÃO,SERTÃO & MAR COMUNICAÇÕES LTDA,22.855.801/0001-71,"Programadora brasileira independente nos termos do art.17, §5º da Lei 12.485/2011",BRASIL
333,VIVA,4727.3012,Canal de espaço qualificado,Canal de conteúdo em geral,CANAL OFERTADO EM PACOTE,2020-01-01,PADRÃO,GLOBO COMUNICACAO E PARTICIPACOES S/A,27.865.757/0001-02,Programadora brasileira independente,BRASIL
334,VIVA HD,4727.30022,Canal de espaço qualificado,Canal de conteúdo em geral,CANAL OFERTADO EM PACOTE,2020-01-01,ALTA DEFINIÇÃO,GLOBO COMUNICACAO E PARTICIPACOES S/A,27.865.757/0001-02,Programadora brasileira independente,BRASIL
335,WARNER CHANNEL,40403.30029,Canal de espaço qualificado,Canal de conteúdo em geral,CANAL OFERTADO EM PACOTE,1996-11-01,PADRÃO,"TURNER INTERNATIONAL LATIN AMERICA, INC",05.583.971/0001-25,Programadora Estrangeira,ESTADOS UNIDOS
336,WARNER CHANNEL HD,40403.3003,Canal de espaço qualificado,Canal de conteúdo em geral,CANAL OFERTADO EM PACOTE,1996-11-01,ALTA DEFINIÇÃO,"TURNER INTERNATIONAL LATIN AMERICA, INC",05.583.971/0001-25,Programadora Estrangeira,ESTADOS UNIDOS
337,WOOHOO,21229.30001,Canal brasileiro de espaço qualificado,Canal de conteúdo em geral,CANAL OFERTADO EM PACOTE,2006-05-22,PADRÃO,NOVAS MIDIAS DIGITAIS PROGRAMADORA LTDA,07.906.636/0001-46,"Programadora brasileira independente nos termos do art.17, §5º da Lei 12.485/2011",BRASIL
338,WOOHOO HD,21229.30002,Canal brasileiro de espaço qualificado,Canal de conteúdo em geral,CANAL OFERTADO EM PACOTE,2017-11-30,ALTA DEFINIÇÃO,NOVAS MIDIAS DIGITAIS PROGRAMADORA LTDA,07.906.636/0001-46,"Programadora brasileira independente nos termos do art.17, §5º da Lei 12.485/2011",BRASIL
339,ZOOMOO KIDS,47057.30001,Canal de espaço qualificado,Canal de conteúdo infantil e adolescente,CANAL OFERTADO EM PACOTE,2020-11-10,PADRÃO,STENNA INTERNATIONAL LLC,00.000.000/0000-00,Programadora Estrangeira,ESTADOS UNIDOS
340,ZOOMOO KIDS (HD),47057.30002,Canal de espaço qualificado,Canal de conteúdo infantil e adolescente,CANAL OFERTADO EM PACOTE,2020-11-10,ALTA DEFINIÇÃO,STENNA INTERNATIONAL LLC,00.000.000/0000-00,Programadora Estrangeira,ESTADOS UNIDOS
